Date	Price	Open	High	Low	Change %
12-Feb-18	7.5	7.496	7.5	7.489	0.05%
9-Feb-18	7.496	7.462	7.496	7.462	0.33%
8-Feb-18	7.471	7.505	7.505	7.471	-0.80%
7-Feb-18	7.531	7.572	7.586	7.531	-0.54
6-Feb-18	7.572	7.611	7.611	7.568	-0.51
5-Feb-18	7.611	7.594	7.611	7.594	0.53
2-Feb-18	7.571	7.664	7.664	7.571	-0.56
1-Feb-18	7.614	7.491	7.614	7.491	2.46
31-Jan-18	7.431	7.412	7.431	7.412	-0.07
30-Jan-18	7.436	7.433	7.436	7.433	-0.09
29-Jan-18	7.443	7.346	7.443	7.346	1.86
25-Jan-18	7.307	7.321	7.321	7.307	0.43
24-Jan-18	7.276	7.269	7.276	7.269	-1.89
23-Jan-18	7.416	7.439	7.439	7.416	-0.62
22-Jan-18	7.462	7.503	7.503	7.462	-0.23
19-Jan-18	7.479	7.459	7.479	7.459	0.07
18-Jan-18	7.474	7.445	7.474	7.445	0.77
17-Jan-18	7.417	7.426	7.426	7.417	-1.89
16-Jan-18	7.56	7.557	7.56	7.557	1.56
15-Jan-18	7.444	7.462	7.462	7.444	-0.13
12-Jan-18	7.454	7.438	7.454	7.438	0.22
11-Jan-18	7.438	7.453	7.453	7.438	-0.05
10-Jan-18	7.442	7.419	7.442	7.419	0.98
9-Jan-18	7.37	7.356	7.37	7.356	0.35
8-Jan-18	7.344	7.313	7.344	7.313	0.69
5-Jan-18	7.294	7.333	7.333	7.294	-0.59
4-Jan-18	7.337	7.357	7.357	7.337	0.19
3-Jan-18	7.323	7.398	7.398	7.323	-0.89
2-Jan-18	7.389	7.381	7.389	7.381	0.67
1-Jan-18	7.34	7.32	7.34	7.32	0.3
29-Dec-17	7.318	7.377	7.377	7.318	-1.08
28-Dec-17	7.398	7.346	7.398	7.346	2.48
27-Dec-17	7.219	7.289	7.289	7.219	-0.8
26-Dec-17	7.277	7.301	7.301	7.277	0.03
22-Dec-17	7.275	7.268	7.275	7.268	0.86
21-Dec-17	7.213	7.242	7.242	7.213	-0.1
20-Dec-17	7.22	7.207	7.22	7.207	0.59
19-Dec-17	7.178	7.175	7.178	7.175	-0.08
18-Dec-17	7.184	7.161	7.184	7.161	0.71
16-Dec-17	7.133	7.133	7.133	7.133	0
15-Dec-17	7.133	7.136	7.136	7.133	0.04
14-Dec-17	7.13	7.154	7.154	7.13	-0.63
13-Dec-17	7.175	7.231	7.231	7.175	-0.18
12-Dec-17	7.188	7.218	7.218	7.188	0.18
11-Dec-17	7.175	7.118	7.175	7.118	1.18
8-Dec-17	7.091	7.079	7.091	7.079	0.51
7-Dec-17	7.055	7.028	7.055	7.028	0.3
6-Dec-17	7.034	7.077	7.077	7.034	-0.38
5-Dec-17	7.061	7.062	7.062	7.061	-0.3
4-Dec-17	7.082	7.089	7.089	7.082	0.28
30-Nov-17	7.062	7.052	7.062	7.052	0.53
29-Nov-17	7.025	7.022	7.025	7.022	-0.11
28-Nov-17	7.033	7.05	7.05	7.033	-0.33
27-Nov-17	7.056	7.033	7.056	7.033	0.77
24-Nov-17	7.002	7.019	7.019	7.002	0.2
23-Nov-17	6.988	7.013	7.013	6.988	0.37
22-Nov-17	6.962	6.943	6.962	6.943	0.96
21-Nov-17	6.896	6.911	6.911	6.896	0.1
20-Nov-17	6.889	6.912	6.912	6.889	-2.24
17-Nov-17	7.047	6.974	7.047	6.974	-0.21
16-Nov-17	7.062	7.052	7.062	7.052	0.61
15-Nov-17	7.019	7.028	7.028	7.019	-0.47
14-Nov-17	7.052	7.052	7.052	7.052	1.13
13-Nov-17	6.973	6.975	6.975	6.973	0.23
10-Nov-17	6.957	6.928	6.957	6.928	0.36
9-Nov-17	6.932	6.929	6.932	6.929	-0.1
8-Nov-17	6.939	6.938	6.939	6.938	0.14
7-Nov-17	6.929	6.929	6.929	6.929	0.51
6-Nov-17	6.894	6.885	6.894	6.885	0.51
3-Nov-17	6.859	6.862	6.862	6.859	-0.01
2-Nov-17	6.86	6.878	6.878	6.86	-0.49
1-Nov-17	6.894	6.879	6.894	6.879	0.47
31-Oct-17	6.862	6.869	6.869	6.862	-0.33
30-Oct-17	6.885	6.833	6.885	6.833	1.13
29-Oct-17	6.808	6.808	6.808	6.808	0
27-Oct-17	6.808	6.828	6.828	6.808	0.15
26-Oct-17	6.798	6.804	6.804	6.798	-0.21
25-Oct-17	6.812	6.801	6.812	6.801	0.46
24-Oct-17	6.781	6.785	6.785	6.781	-0.29
23-Oct-17	6.801	6.788	6.801	6.788	0.58
22-Oct-17	6.762	6.762	6.762	6.762	0
18-Oct-17	6.762	6.765	6.765	6.762	-0.04
17-Oct-17	6.765	6.752	6.765	6.752	0.46
16-Oct-17	6.734	6.736	6.736	6.734	-0.03
13-Oct-17	6.736	6.732	6.736	6.732	-0.27
12-Oct-17	6.754	6.74	6.754	6.74	0.21
11-Oct-17	6.74	6.756	6.756	6.74	0
10-Oct-17	6.74	6.769	6.769	6.74	-0.58
9-Oct-17	6.779	6.757	6.779	6.757	0.28
6-Oct-17	6.76	6.746	6.76	6.746	0.46
5-Oct-17	6.729	6.734	6.734	6.729	0.39
4-Oct-17	6.703	6.632	6.703	6.632	0.83
3-Oct-17	6.648	6.643	6.648	6.643	-0.28
29-Sep-17	6.667	6.618	6.667	6.618	0.42
28-Sep-17	6.639	6.666	6.666	6.639	-0.42
27-Sep-17	6.667	6.663	6.667	6.663	-0.04
26-Sep-17	6.67	6.659	6.67	6.659	0.77
25-Sep-17	6.619	6.642	6.642	6.619	-0.73
22-Sep-17	6.668	6.679	6.679	6.668	-0.12
21-Sep-17	6.676	6.641	6.676	6.641	1.47
20-Sep-17	6.579	6.591	6.591	6.579	-0.23
19-Sep-17	6.594	6.607	6.607	6.594	-0.26
18-Sep-17	6.611	6.603	6.611	6.603	0.17
15-Sep-17	6.6	6.597	6.6	6.597	0.15
14-Sep-17	6.59	6.589	6.59	6.589	0.06
13-Sep-17	6.586	6.578	6.586	6.578	0.44
12-Sep-17	6.557	6.566	6.566	6.557	-0.08
11-Sep-17	6.562	6.55	6.562	6.55	0.28
8-Sep-17	6.544	6.514	6.544	6.514	0.4
7-Sep-17	6.518	6.521	6.521	6.518	0.2
6-Sep-17	6.505	6.489	6.505	6.489	0.03
5-Sep-17	6.503	6.501	6.503	6.501	0.11
4-Sep-17	6.496	6.516	6.516	6.496	0.17
1-Sep-17	6.485	6.486	6.486	6.485	-0.63
31-Aug-17	6.526	6.544	6.544	6.526	-0.15
30-Aug-17	6.536	6.543	6.543	6.536	0.02
29-Aug-17	6.535	6.57	6.57	6.535	-0.53
28-Aug-17	6.57	6.564	6.57	6.564	0.49
24-Aug-17	6.538	6.536	6.538	6.536	0.05
23-Aug-17	6.535	6.531	6.535	6.531	0
22-Aug-17	6.535	6.514	6.535	6.514	0.35
21-Aug-17	6.512	6.51	6.512	6.51	-0.02
18-Aug-17	6.513	6.508	6.513	6.508	-0.32
16-Aug-17	6.534	6.53	6.534	6.53	0.21
14-Aug-17	6.52	6.508	6.52	6.508	0.22
11-Aug-17	6.506	6.489	6.506	6.489	0.15
10-Aug-17	6.496	6.472	6.496	6.472	0.45
9-Aug-17	6.467	6.458	6.467	6.458	0.12
8-Aug-17	6.459	6.457	6.459	6.457	0
7-Aug-17	6.459	6.449	6.459	6.449	0.28
6-Aug-17	6.441	6.441	6.441	6.441	0
4-Aug-17	6.441	6.433	6.441	6.433	0.16
3-Aug-17	6.431	6.445	6.445	6.431	-0.56
2-Aug-17	6.467	6.447	6.467	6.447	0.37
1-Aug-17	6.443	6.444	6.444	6.443	-0.36
31-Jul-17	6.466	6.451	6.466	6.451	0.05
28-Jul-17	6.463	6.441	6.463	6.441	0.36
27-Jul-17	6.44	6.424	6.44	6.424	-0.06
26-Jul-17	6.444	6.439	6.444	6.439	0.2
25-Jul-17	6.431	6.429	6.431	6.429	0.27
24-Jul-17	6.414	6.408	6.414	6.408	-0.34
21-Jul-17	6.436	6.438	6.438	6.436	-0.22
20-Jul-17	6.45	6.448	6.45	6.448	0.02
19-Jul-17	6.449	6.448	6.449	6.448	-0.11
18-Jul-17	6.456	6.457	6.457	6.456	0.02
17-Jul-17	6.455	6.463	6.463	6.455	-0.12
16-Jul-17	6.463	6.463	6.463	6.463	0
14-Jul-17	6.463	6.471	6.471	6.463	0.12
13-Jul-17	6.455	6.451	6.455	6.451	-0.08
12-Jul-17	6.46	6.455	6.46	6.455	-0.42
11-Jul-17	6.487	6.478	6.487	6.478	0.26
10-Jul-17	6.47	6.496	6.496	6.47	-0.95
7-Jul-17	6.532	6.532	6.532	6.532	-0.11
6-Jul-17	6.539	6.517	6.539	6.517	-0.17
5-Jul-17	6.55	6.539	6.55	6.539	0.02
4-Jul-17	6.549	6.56	6.56	6.549	-0.15
3-Jul-17	6.559	6.592	6.592	6.559	0.74
2-Jul-17	6.511	6.511	6.511	6.511	0
1-Jul-17	6.511	6.511	6.511	6.511	0
30-Jun-17	6.511	6.515	6.515	6.511	0.09
29-Jun-17	6.505	6.494	6.505	6.494	0.08
28-Jun-17	6.5	6.489	6.5	6.489	0.57
27-Jun-17	6.463	6.458	6.463	6.458	0.05
25-Jun-17	6.46	6.46	6.46	6.46	0
23-Jun-17	6.46	6.455	6.46	6.455	0.11
22-Jun-17	6.453	6.442	6.453	6.442	0.39
21-Jun-17	6.428	6.423	6.428	6.423	-0.28
20-Jun-17	6.446	6.468	6.468	6.446	-0.32
19-Jun-17	6.467	6.477	6.477	6.467	-0.34
16-Jun-17	6.489	6.493	6.493	6.489	0.12
15-Jun-17	6.481	6.452	6.481	6.452	0.15
14-Jun-17	6.471	6.482	6.482	6.471	-0.34
13-Jun-17	6.493	6.47	6.493	6.47	-0.35
12-Jun-17	6.516	6.52	6.52	6.516	0.2
9-Jun-17	6.503	6.525	6.525	6.503	-0.44
8-Jun-17	6.532	6.507	6.532	6.507	-0.52
7-Jun-17	6.566	6.629	6.629	6.566	-1.1
6-Jun-17	6.639	6.644	6.644	6.639	-0.11
5-Jun-17	6.646	6.639	6.646	6.639	0.29
2-Jun-17	6.627	6.623	6.627	6.623	0.02
1-Jun-17	6.626	6.648	6.648	6.626	-0.57
31-May-17	6.664	6.666	6.666	6.664	0
30-May-17	6.664	6.667	6.667	6.664	-0.06
29-May-17	6.668	6.661	6.668	6.661	-1.8
26-May-17	6.79	6.788	6.79	6.788	0
25-May-17	6.79	6.786	6.79	6.786	-0.18
24-May-17	6.802	6.796	6.802	6.796	0.13
23-May-17	6.793	6.768	6.793	6.768	0.3
22-May-17	6.773	6.813	6.813	6.773	-1.25
19-May-17	6.859	6.862	6.862	6.859	0.23
18-May-17	6.843	6.852	6.852	6.843	-0.01
17-May-17	6.844	6.841	6.844	6.841	0.07
16-May-17	6.839	6.837	6.839	6.837	0.46
15-May-17	6.808	6.847	6.847	6.808	-1.48
12-May-17	6.91	6.936	6.936	6.91	-0.48
11-May-17	6.943	6.93	6.943	6.93	0
9-May-17	6.943	6.944	6.944	6.943	0.19
8-May-17	6.93	6.93	6.93	6.93	-0.19
7-May-17	6.943	6.943	6.943	6.943	0
5-May-17	6.943	6.938	6.943	6.938	-0.4
4-May-17	6.971	6.967	6.971	6.967	0.23
3-May-17	6.955	6.958	6.958	6.955	-0.53
2-May-17	6.992	6.987	6.992	6.987	0.4
28-Apr-17	6.964	6.936	6.964	6.936	0.27
27-Apr-17	6.945	6.952	6.952	6.945	-0.12
26-Apr-17	6.953	6.951	6.953	6.951	0.25
25-Apr-17	6.936	6.926	6.936	6.926	-0.1
24-Apr-17	6.943	6.942	6.943	6.942	0.29
22-Apr-17	6.923	6.923	6.923	6.923	0
21-Apr-17	6.923	6.942	6.942	6.923	0.65
20-Apr-17	6.878	6.86	6.878	6.86	0.35
19-Apr-17	6.854	6.856	6.856	6.854	-0.12
18-Apr-17	6.862	6.847	6.862	6.847	0.22
17-Apr-17	6.847	6.85	6.85	6.847	0.4
13-Apr-17	6.82	6.762	6.82	6.762	0.56
12-Apr-17	6.782	6.821	6.821	6.782	-0.38
11-Apr-17	6.808	6.853	6.853	6.808	-0.83
10-Apr-17	6.865	6.868	6.868	6.865	0.65
7-Apr-17	6.821	6.824	6.824	6.821	0.78
6-Apr-17	6.768	6.696	6.768	6.696	1.71
5-Apr-17	6.654	6.656	6.656	6.654	0
3-Apr-17	6.654	6.61	6.654	6.61	-0.6
31-Mar-17	6.694	6.682	6.694	6.682	0.09
30-Mar-17	6.688	6.714	6.714	6.688	-0.9
29-Mar-17	6.749	6.711	6.749	6.711	0.57
27-Mar-17	6.711	6.737	6.737	6.711	-1.76
26-Mar-17	6.831	6.831	6.831	6.831	0
24-Mar-17	6.831	6.837	6.837	6.831	0.06
23-Mar-17	6.827	6.818	6.827	6.818	0.19
22-Mar-17	6.814	6.856	6.856	6.814	-1.05
21-Mar-17	6.886	6.873	6.886	6.873	-0.12
20-Mar-17	6.894	6.859	6.894	6.859	0.51
18-Mar-17	6.859	6.859	6.859	6.859	0
17-Mar-17	6.859	6.866	6.866	6.859	0.23
16-Mar-17	6.843	6.788	6.843	6.788	0.21
15-Mar-17	6.829	6.868	6.868	6.829	-1.1
14-Mar-17	6.905	6.9	6.905	6.9	0.03
10-Mar-17	6.903	6.881	6.903	6.881	0.61
9-Mar-17	6.861	6.854	6.861	6.854	0
8-Mar-17	6.861	6.842	6.861	6.842	0.4
7-Mar-17	6.834	6.857	6.857	6.834	-0.48
6-Mar-17	6.867	6.842	6.867	6.842	1.3
3-Mar-17	6.779	6.791	6.791	6.779	-0.92
2-Mar-17	6.842	6.837	6.842	6.837	-1.28
1-Mar-17	6.931	6.925	6.931	6.925	0.87
28-Feb-17	6.871	6.902	6.902	6.871	-0.15
27-Feb-17	6.881	6.886	6.886	6.881	-0.49
23-Feb-17	6.915	6.927	6.927	6.915	-0.39
22-Feb-17	6.942	6.926	6.942	6.926	0.56
20-Feb-17	6.903	6.849	6.903	6.849	0.76
17-Feb-17	6.851	6.855	6.855	6.851	0.09
16-Feb-17	6.845	6.861	6.861	6.845	-0.25
15-Feb-17	6.862	6.867	6.867	6.862	-0.17
14-Feb-17	6.874	6.87	6.874	6.87	0.67
13-Feb-17	6.828	6.801	6.828	6.801	0.34
10-Feb-17	6.805	6.779	6.805	6.779	-0.76
9-Feb-17	6.857	6.806	6.857	6.806	1.57
8-Feb-17	6.751	6.429	6.751	6.429	4.98
7-Feb-17	6.431	6.413	6.431	6.413	0.28
6-Feb-17	6.413	6.405	6.413	6.405	0.05
3-Feb-17	6.41	6.408	6.41	6.408	0.12
2-Feb-17	6.402	6.408	6.408	6.402	-0.45
1-Feb-17	6.431	6.398	6.431	6.398	0.34
31-Jan-17	6.409	6.406	6.409	6.406	0.06
30-Jan-17	6.405	6.396	6.405	6.396	0.05
27-Jan-17	6.402	6.449	6.449	6.402	-0.39
25-Jan-17	6.427	6.427	6.427	6.427	-0.12
24-Jan-17	6.435	6.439	6.439	6.435	-0.26
23-Jan-17	6.452	6.437	6.452	6.437	-0.22
20-Jan-17	6.466	6.473	6.473	6.466	-0.15
19-Jan-17	6.476	6.478	6.478	6.476	0.34
18-Jan-17	6.454	6.429	6.454	6.429	0.5
17-Jan-17	6.422	6.419	6.422	6.419	-0.26
16-Jan-17	6.439	6.439	6.439	6.439	0.34
13-Jan-17	6.417	6.395	6.417	6.395	0.71
12-Jan-17	6.372	6.377	6.377	6.372	-0.34
11-Jan-17	6.394	6.387	6.394	6.387	-0.06
10-Jan-17	6.398	6.382	6.398	6.382	0.02
9-Jan-17	6.397	6.397	6.397	6.397	0.16
6-Jan-17	6.387	6.385	6.387	6.385	0.02
5-Jan-17	6.386	6.359	6.386	6.359	0.33
4-Jan-17	6.365	6.4	6.4	6.365	-1.24
3-Jan-17	6.445	6.344	6.445	6.344	0.61
2-Jan-17	6.406	6.454	6.454	6.406	-1.69
30-Dec-16	6.516	6.505	6.516	6.505	-0.11
29-Dec-16	6.523	6.556	6.556	6.523	-0.94
28-Dec-16	6.585	6.585	6.585	6.585	-0.09
27-Dec-16	6.591	6.569	6.591	6.569	0.26
26-Dec-16	6.574	6.571	6.574	6.571	0.46
23-Dec-16	6.544	6.515	6.544	6.515	0.43
22-Dec-16	6.516	6.477	6.516	6.477	0.82
21-Dec-16	6.463	6.47	6.47	6.463	-0.26
20-Dec-16	6.48	6.481	6.481	6.48	-0.46
19-Dec-16	6.51	6.496	6.51	6.496	0.06
16-Dec-16	6.506	6.459	6.506	6.459	-0.46
15-Dec-16	6.536	6.451	6.536	6.451	2
14-Dec-16	6.408	6.417	6.417	6.408	-0.23
13-Dec-16	6.423	6.449	6.449	6.423	-0.28
9-Dec-16	6.441	6.423	6.441	6.423	0.66
8-Dec-16	6.399	6.43	6.43	6.399	-0.11
7-Dec-16	6.406	6.183	6.406	6.183	3.29
6-Dec-16	6.202	6.206	6.206	6.202	-0.24
5-Dec-16	6.217	6.209	6.217	6.209	-0.38
2-Dec-16	6.241	6.233	6.241	6.233	0.42
1-Dec-16	6.215	6.219	6.219	6.215	-0.5
30-Nov-16	6.246	6.242	6.246	6.242	-1.17
29-Nov-16	6.32	6.324	6.324	6.32	-0.09
28-Nov-16	6.326	6.321	6.326	6.321	1.49
25-Nov-16	6.233	6.185	6.233	6.185	0.74
24-Nov-16	6.187	6.264	6.264	6.187	-1.48
23-Nov-16	6.28	6.282	6.282	6.28	-0.46
22-Nov-16	6.309	6.321	6.321	6.309	0.08
21-Nov-16	6.304	6.37	6.37	6.304	-1.93
18-Nov-16	6.428	6.427	6.428	6.427	0.14
17-Nov-16	6.419	6.434	6.434	6.419	-0.42
16-Nov-16	6.446	6.429	6.446	6.429	-1.35
15-Nov-16	6.534	6.64	6.64	6.534	-2.85
11-Nov-16	6.726	6.685	6.726	6.685	1.01
10-Nov-16	6.659	6.637	6.659	6.637	-0.13
9-Nov-16	6.668	6.677	6.677	6.668	-1.93
8-Nov-16	6.799	6.831	6.831	6.799	-0.53
7-Nov-16	6.835	6.835	6.835	6.835	-0.1
4-Nov-16	6.842	6.82	6.842	6.82	0.31
3-Nov-16	6.821	6.809	6.821	6.809	-1.17
2-Nov-16	6.902	6.916	6.916	6.902	-0.13
1-Nov-16	6.911	6.886	6.911	6.886	0.36
28-Oct-16	6.886	6.906	6.906	6.886	-0.06
27-Oct-16	6.89	6.878	6.89	6.878	0.26
26-Oct-16	6.872	6.868	6.872	6.868	0.01
25-Oct-16	6.871	6.86	6.871	6.86	0.22
24-Oct-16	6.856	6.832	6.856	6.832	0.09
21-Oct-16	6.85	6.838	6.85	6.838	0.01
20-Oct-16	6.849	6.833	6.849	6.833	0.44
19-Oct-16	6.819	6.819	6.819	6.819	0.06
18-Oct-16	6.815	6.819	6.819	6.815	-0.44
17-Oct-16	6.845	6.855	6.855	6.845	-0.13
15-Oct-16	6.854	6.854	6.854	6.854	0
14-Oct-16	6.854	6.831	6.854	6.831	0.35
13-Oct-16	6.83	6.828	6.83	6.828	0.16
10-Oct-16	6.819	6.812	6.819	6.812	-0.44
7-Oct-16	6.849	6.835	6.849	6.835	0.38
6-Oct-16	6.823	6.82	6.823	6.82	0.37
5-Oct-16	6.798	6.821	6.821	6.798	-0.63
4-Oct-16	6.841	6.907	6.907	6.841	-0.86
3-Oct-16	6.9	6.913	6.913	6.9	-0.89
30-Sep-16	6.962	6.975	6.975	6.962	-0.76
29-Sep-16	7.015	6.935	7.015	6.935	1.33
28-Sep-16	6.923	6.931	6.931	6.923	-0.19
27-Sep-16	6.936	6.918	6.936	6.918	0
26-Sep-16	6.936	6.933	6.936	6.933	-0.43
25-Sep-16	6.966	6.966	6.966	6.966	0
24-Sep-16	6.966	6.966	6.966	6.966	0
23-Sep-16	6.966	6.96	6.966	6.96	-0.16
22-Sep-16	6.977	6.982	6.982	6.977	-0.89
21-Sep-16	7.04	7.048	7.048	7.04	-0.35
20-Sep-16	7.065	7.062	7.065	7.062	0.16
19-Sep-16	7.054	7.051	7.054	7.051	0.03
17-Sep-16	7.052	7.052	7.052	7.052	0
16-Sep-16	7.052	7.06	7.06	7.052	-0.21
15-Sep-16	7.067	7.064	7.067	7.064	-0.21
14-Sep-16	7.082	7.085	7.085	7.082	-0.04
12-Sep-16	7.085	7.085	7.085	7.085	0.37
9-Sep-16	7.059	7.044	7.059	7.044	0.2
8-Sep-16	7.045	7.042	7.045	7.042	-0.14
7-Sep-16	7.055	7.055	7.055	7.055	-0.59
6-Sep-16	7.097	7.096	7.097	7.096	-0.31
2-Sep-16	7.119	7.109	7.119	7.109	-0.01
1-Sep-16	7.12	7.111	7.12	7.111	0.14
31-Aug-16	7.11	7.101	7.11	7.101	0
30-Aug-16	7.11	7.11	7.11	7.11	-0.18
29-Aug-16	7.123	7.142	7.142	7.123	-0.08
26-Aug-16	7.129	7.124	7.129	7.124	0.08
25-Aug-16	7.123	7.12	7.123	7.12	-0.18
24-Aug-16	7.136	7.155	7.155	7.136	-0.31
23-Aug-16	7.158	7.161	7.161	7.158	0.01
22-Aug-16	7.157	7.159	7.159	7.157	0.77
19-Aug-16	7.102	7.135	7.135	7.102	-0.56
18-Aug-16	7.142	7.117	7.142	7.117	0.51
16-Aug-16	7.106	7.1	7.106	7.1	0.04
14-Aug-16	7.103	7.103	7.103	7.103	0
13-Aug-16	7.103	7.103	7.103	7.103	0
12-Aug-16	7.103	7.088	7.103	7.088	0.28
11-Aug-16	7.083	7.083	7.083	7.083	-0.25
10-Aug-16	7.101	7.082	7.101	7.082	-0.34
9-Aug-16	7.125	7.121	7.125	7.121	-0.67
8-Aug-16	7.173	7.185	7.185	7.173	0.07
6-Aug-16	7.168	7.168	7.168	7.168	0
5-Aug-16	7.168	7.16	7.168	7.16	-0.06
4-Aug-16	7.172	7.178	7.178	7.172	-0.33
3-Aug-16	7.196	7.19	7.196	7.19	0.29
2-Aug-16	7.175	7.162	7.175	7.162	0.52
1-Aug-16	7.138	7.128	7.138	7.128	-0.36
29-Jul-16	7.164	7.19	7.19	7.164	-0.36
28-Jul-16	7.19	7.217	7.217	7.19	-0.87
27-Jul-16	7.253	7.247	7.253	7.247	0.04
26-Jul-16	7.25	7.252	7.252	7.25	0.01
25-Jul-16	7.249	7.237	7.249	7.237	-0.03
22-Jul-16	7.251	7.242	7.251	7.242	-0.18
21-Jul-16	7.264	7.273	7.273	7.264	-0.08
20-Jul-16	7.27	7.269	7.27	7.269	-0.16
19-Jul-16	7.282	7.273	7.282	7.273	-0.16
18-Jul-16	7.294	7.286	7.294	7.286	0.3
15-Jul-16	7.272	7.282	7.282	7.272	-0.21
14-Jul-16	7.287	7.288	7.288	7.287	0.04
13-Jul-16	7.284	7.303	7.303	7.284	-0.72
12-Jul-16	7.337	7.321	7.337	7.321	-0.64
11-Jul-16	7.384	7.385	7.385	7.384	-0.01
8-Jul-16	7.385	7.382	7.385	7.382	0.04
7-Jul-16	7.382	7.373	7.382	7.373	-0.16
5-Jul-16	7.394	7.415	7.415	7.394	-0.43
4-Jul-16	7.426	7.425	7.426	7.425	0.09
1-Jul-16	7.419	7.419	7.419	7.419	-0.42
30-Jun-16	7.45	7.438	7.45	7.438	0.08
29-Jun-16	7.444	7.448	7.448	7.444	-0.12
28-Jun-16	7.453	7.445	7.453	7.445	-0.08
27-Jun-16	7.459	7.46	7.46	7.459	-0.23
24-Jun-16	7.476	7.475	7.476	7.475	-0.07
23-Jun-16	7.481	7.478	7.481	7.478	0.07
22-Jun-16	7.476	7.491	7.491	7.476	-0.29
21-Jun-16	7.498	7.487	7.498	7.487	0.03
20-Jun-16	7.496	7.525	7.525	7.496	-0.09
17-Jun-16	7.503	7.5	7.503	7.5	-0.04
16-Jun-16	7.506	7.506	7.506	7.506	-0.15
15-Jun-16	7.517	7.516	7.517	7.516	-0.03
14-Jun-16	7.519	7.538	7.538	7.519	-0.08
13-Jun-16	7.525	7.498	7.525	7.498	0.44
10-Jun-16	7.492	7.494	7.494	7.492	0.05
9-Jun-16	7.488	7.491	7.491	7.488	-0.01
8-Jun-16	7.489	7.485	7.489	7.485	0.08
7-Jun-16	7.483	7.48	7.483	7.48	0.13
6-Jun-16	7.473	7.473	7.473	7.473	-0.21
3-Jun-16	7.489	7.489	7.489	7.489	0.05
2-Jun-16	7.485	7.482	7.485	7.482	-0.04
1-Jun-16	7.488	7.489	7.489	7.488	0.23
31-May-16	7.471	7.469	7.471	7.469	0.13
30-May-16	7.461	7.46	7.461	7.46	-0.13
28-May-16	7.471	7.471	7.471	7.471	0
27-May-16	7.471	7.469	7.471	7.469	0
26-May-16	7.471	7.467	7.471	7.467	0.09
25-May-16	7.464	7.464	7.464	7.464	-0.03
24-May-16	7.466	7.463	7.466	7.463	0
23-May-16	7.466	7.47	7.47	7.466	-0.17
20-May-16	7.479	7.471	7.479	7.471	0.12
19-May-16	7.47	7.483	7.483	7.47	-0.08
18-May-16	7.476	7.467	7.476	7.467	0.3
17-May-16	7.454	7.458	7.458	7.454	0
16-May-16	7.454	7.457	7.457	7.454	0.05
13-May-16	7.45	7.45	7.45	7.45	0.36
12-May-16	7.423	7.425	7.425	7.423	-0.07
11-May-16	7.428	7.428	7.428	7.428	0
10-May-16	7.428	7.429	7.429	7.428	0.04
9-May-16	7.425	7.423	7.425	7.423	-0.13
6-May-16	7.435	7.431	7.435	7.431	0
5-May-16	7.435	7.429	7.435	7.429	0.04
4-May-16	7.432	7.435	7.435	7.432	-0.13
3-May-16	7.442	7.444	7.444	7.442	0.01
2-May-16	7.441	7.432	7.441	7.432	0.05
29-Apr-16	7.437	7.456	7.456	7.437	-0.08
28-Apr-16	7.443	7.444	7.444	7.443	-0.27
27-Apr-16	7.463	7.46	7.463	7.46	-0.12
26-Apr-16	7.472	7.491	7.491	7.472	0.03
25-Apr-16	7.47	7.445	7.47	7.445	0.19
22-Apr-16	7.456	7.463	7.463	7.456	-0.27
21-Apr-16	7.476	7.463	7.476	7.463	0.51
20-Apr-16	7.438	7.435	7.438	7.435	0.28
18-Apr-16	7.417	7.431	7.431	7.417	-0.27
13-Apr-16	7.437	7.419	7.437	7.419	0.27
12-Apr-16	7.417	7.404	7.417	7.404	-0.01
11-Apr-16	7.418	7.447	7.447	7.418	-0.42
7-Apr-16	7.449	7.456	7.456	7.449	-0.17
6-Apr-16	7.462	7.468	7.468	7.462	0
5-Apr-16	7.462	7.431	7.462	7.431	0.65
4-Apr-16	7.414	7.44	7.44	7.414	-0.66
31-Mar-16	7.463	7.46	7.463	7.46	-0.4
30-Mar-16	7.493	7.493	7.493	7.493	-0.28
29-Mar-16	7.514	7.5	7.514	7.5	0.19
28-Mar-16	7.5	7.507	7.507	7.5	-0.15
23-Mar-16	7.511	7.514	7.514	7.511	0.07
22-Mar-16	7.506	7.516	7.516	7.506	0
21-Mar-16	7.506	7.491	7.506	7.491	-0.19
18-Mar-16	7.52	7.526	7.526	7.52	0.01
17-Mar-16	7.519	7.55	7.55	7.519	-0.69
16-Mar-16	7.571	7.588	7.588	7.571	-0.12
15-Mar-16	7.58	7.579	7.58	7.579	-0.28
14-Mar-16	7.601	7.615	7.615	7.601	-0.37
11-Mar-16	7.629	7.635	7.635	7.629	-0.09
10-Mar-16	7.636	7.646	7.646	7.636	-0.21
9-Mar-16	7.652	7.658	7.658	7.652	0.16
8-Mar-16	7.64	7.626	7.64	7.626	0.04
4-Mar-16	7.637	7.66	7.66	7.637	-0.3
3-Mar-16	7.66	7.646	7.66	7.646	0.49
2-Mar-16	7.623	7.624	7.624	7.623	0.24
1-Mar-16	7.605	7.623	7.623	7.605	-0.28
29-Feb-16	7.626	7.662	7.662	7.626	-2.03
26-Feb-16	7.784	7.825	7.825	7.784	-1.03
25-Feb-16	7.865	7.83	7.865	7.83	0.49
24-Feb-16	7.827	7.815	7.827	7.815	0.06
23-Feb-16	7.822	7.792	7.822	7.792	0.63
22-Feb-16	7.773	7.769	7.773	7.769	0.44
18-Feb-16	7.739	7.779	7.779	7.739	-0.64
17-Feb-16	7.789	7.788	7.789	7.788	0.09
16-Feb-16	7.782	7.773	7.782	7.773	0.36
15-Feb-16	7.754	7.745	7.754	7.745	0.4
14-Feb-16	7.723	7.723	7.723	7.723	0
12-Feb-16	7.723	7.719	7.723	7.719	0.04
11-Feb-16	7.72	7.71	7.72	7.71	-0.04
10-Feb-16	7.723	7.716	7.723	7.716	-0.23
9-Feb-16	7.741	7.725	7.741	7.725	0.16
8-Feb-16	7.729	7.716	7.729	7.716	-1.19
5-Feb-16	7.822	7.812	7.822	7.812	-0.19
4-Feb-16	7.837	7.845	7.845	7.837	-0.19
3-Feb-16	7.852	7.862	7.862	7.852	0.04
2-Feb-16	7.849	7.831	7.849	7.831	0.73
1-Feb-16	7.792	7.78	7.792	7.78	0.12
29-Jan-16	7.783	7.789	7.789	7.783	-0.26
28-Jan-16	7.803	7.78	7.803	7.78	0.19
27-Jan-16	7.788	7.791	7.791	7.788	-0.23
25-Jan-16	7.806	7.788	7.806	7.788	0.35
22-Jan-16	7.779	7.754	7.779	7.754	0.4
21-Jan-16	7.748	7.744	7.748	7.744	-0.14
20-Jan-16	7.759	7.797	7.797	7.759	-0.27
19-Jan-16	7.78	7.786	7.786	7.78	-0.41
18-Jan-16	7.812	7.794	7.812	7.794	0.04
15-Jan-16	7.809	7.788	7.809	7.788	0.26
14-Jan-16	7.789	7.762	7.789	7.762	0.3
13-Jan-16	7.766	7.77	7.77	7.766	0.09
12-Jan-16	7.759	7.751	7.759	7.751	0.06
11-Jan-16	7.754	7.753	7.754	7.753	0.17
10-Jan-16	7.741	7.741	7.741	7.741	0
8-Jan-16	7.741	7.736	7.741	7.736	0.06
7-Jan-16	7.736	7.736	7.736	7.736	-0.03
6-Jan-16	7.738	7.748	7.748	7.738	-0.01
5-Jan-16	7.739	7.726	7.739	7.726	0.21
4-Jan-16	7.723	7.736	7.736	7.723	-0.12
1-Jan-16	7.732	7.758	7.758	7.732	-0.34
31-Dec-15	7.758	7.756	7.758	7.756	0.1
30-Dec-15	7.75	7.755	7.755	7.75	-0.1
29-Dec-15	7.758	7.765	7.765	7.758	-0.04
28-Dec-15	7.761	7.732	7.761	7.732	0.15
23-Dec-15	7.749	7.755	7.755	7.749	-0.14
22-Dec-15	7.76	7.785	7.785	7.76	-0.15
21-Dec-15	7.772	7.747	7.772	7.747	0.57
18-Dec-15	7.728	7.722	7.728	7.722	0.23
17-Dec-15	7.71	7.726	7.726	7.71	-0.37
16-Dec-15	7.739	7.758	7.758	7.739	-0.62
15-Dec-15	7.787	7.807	7.807	7.787	-0.37
14-Dec-15	7.816	7.781	7.816	7.781	0.55
11-Dec-15	7.773	7.795	7.795	7.773	-0.09
10-Dec-15	7.78	7.774	7.78	7.774	0.03
9-Dec-15	7.778	7.781	7.781	7.778	-0.22
8-Dec-15	7.795	7.775	7.795	7.775	0.52
7-Dec-15	7.755	7.742	7.755	7.742	-0.05
4-Dec-15	7.759	7.744	7.759	7.744	0.58
3-Dec-15	7.714	7.704	7.714	7.704	-0.32
2-Dec-15	7.739	7.709	7.739	7.709	0.25
1-Dec-15	7.72	7.757	7.757	7.72	-0.85
30-Nov-15	7.786	7.775	7.786	7.775	0.26
27-Nov-15	7.766	7.727	7.766	7.727	0.6
26-Nov-15	7.72	7.712	7.72	7.712	0.23
24-Nov-15	7.702	7.717	7.717	7.702	-0.23
23-Nov-15	7.72	7.711	7.72	7.711	0.3
22-Nov-15	7.697	7.697	7.697	7.697	0
20-Nov-15	7.697	7.697	7.697	7.697	0.31
19-Nov-15	7.673	7.666	7.673	7.666	-0.12
18-Nov-15	7.682	7.681	7.682	7.681	0.16
17-Nov-15	7.67	7.67	7.67	7.67	0.21
16-Nov-15	7.654	7.654	7.654	7.654	0.04
13-Nov-15	7.651	7.651	7.651	7.651	-0.42
10-Nov-15	7.683	7.683	7.683	7.683	-0.57
9-Nov-15	7.727	7.727	7.727	7.727	0.53
6-Nov-15	7.686	7.686	7.686	7.686	0.08
5-Nov-15	7.68	7.68	7.68	7.68	0.35
4-Nov-15	7.653	7.653	7.653	7.653	0.08
3-Nov-15	7.647	7.647	7.647	7.647	0.24
2-Nov-15	7.629	7.629	7.629	7.629	-0.16
30-Oct-15	7.641	7.641	7.641	7.641	0.16
29-Oct-15	7.629	7.629	7.629	7.629	0.46
28-Oct-15	7.594	7.594	7.594	7.594	-0.13
27-Oct-15	7.604	7.604	7.604	7.604	-0.09
26-Oct-15	7.611	7.611	7.611	7.611	0.33
23-Oct-15	7.586	7.586	7.586	7.586	0
21-Oct-15	7.586	7.586	7.586	7.586	0.09
20-Oct-15	7.579	7.579	7.579	7.579	0.08
19-Oct-15	7.573	7.573	7.573	7.573	0.11
18-Oct-15	7.565	7.565	7.565	7.565	0
16-Oct-15	7.565	7.565	7.565	7.565	0.21
15-Oct-15	7.549	7.549	7.549	7.549	-0.07
14-Oct-15	7.554	7.554	7.554	7.554	-0.09
13-Oct-15	7.561	7.561	7.561	7.561	-0.25
12-Oct-15	7.58	7.58	7.58	7.58	0.46
9-Oct-15	7.545	7.545	7.545	7.545	0.12
8-Oct-15	7.536	7.536	7.536	7.536	-0.08
7-Oct-15	7.542	7.542	7.542	7.542	0.17
6-Oct-15	7.529	7.529	7.529	7.529	0.2
5-Oct-15	7.514	7.514	7.514	7.514	-0.65
3-Oct-15	7.563	7.563	7.563	7.563	0
1-Oct-15	7.563	7.563	7.563	7.563	0.29
30-Sep-15	7.541	7.541	7.541	7.541	-0.92
29-Sep-15	7.611	7.611	7.611	7.611	-1.5
28-Sep-15	7.727	7.727	7.727	7.727	0.14
27-Sep-15	7.716	7.716	7.716	7.716	0
24-Sep-15	7.716	7.716	7.716	7.716	0
23-Sep-15	7.716	7.716	7.716	7.716	0
22-Sep-15	7.716	7.716	7.716	7.716	0.16
21-Sep-15	7.704	7.704	7.704	7.704	0.08
18-Sep-15	7.698	7.698	7.698	7.698	-0.75
16-Sep-15	7.756	7.756	7.756	7.756	-0.04
15-Sep-15	7.759	7.759	7.759	7.759	0.05
14-Sep-15	7.755	7.755	7.755	7.755	-0.22
11-Sep-15	7.772	7.772	7.772	7.772	0
10-Sep-15	7.772	7.772	7.772	7.772	0.08
9-Sep-15	7.766	7.766	7.766	7.766	-0.08
8-Sep-15	7.772	7.772	7.772	7.772	-0.37
7-Sep-15	7.801	7.801	7.801	7.801	0.61
4-Sep-15	7.754	7.754	7.754	7.754	0.09
3-Sep-15	7.747	7.747	7.747	7.747	-0.05
2-Sep-15	7.751	7.751	7.751	7.751	0
1-Sep-15	7.751	7.751	7.751	7.751	-0.46
31-Aug-15	7.787	7.787	7.787	7.787	0.13
28-Aug-15	7.777	7.777	7.777	7.777	0.1
27-Aug-15	7.769	7.769	7.769	7.769	-0.31
26-Aug-15	7.793	7.793	7.793	7.793	-0.27
25-Aug-15	7.814	7.814	7.814	7.814	-1
24-Aug-15	7.893	7.893	7.893	7.893	1.37
21-Aug-15	7.786	7.786	7.786	7.786	0.49
20-Aug-15	7.748	7.748	7.748	7.748	0.1
19-Aug-15	7.74	7.74	7.74	7.74	-0.06
17-Aug-15	7.745	7.745	7.745	7.745	0
14-Aug-15	7.745	7.745	7.745	7.745	0.01
13-Aug-15	7.744	7.744	7.744	7.744	-0.67
12-Aug-15	7.796	7.796	7.796	7.796	0
11-Aug-15	7.796	7.796	7.796	7.796	0.06
10-Aug-15	7.791	7.791	7.791	7.791	-0.23
7-Aug-15	7.809	7.809	7.809	7.809	0.04
6-Aug-15	7.806	7.806	7.806	7.806	-0.42
5-Aug-15	7.839	7.839	7.839	7.839	-0.01
4-Aug-15	7.84	7.84	7.84	7.84	0.35
3-Aug-15	7.813	7.813	7.813	7.813	0.06
31-Jul-15	7.808	7.808	7.808	7.808	-0.2
30-Jul-15	7.824	7.824	7.824	7.824	0.15
29-Jul-15	7.812	7.812	7.812	7.812	0.08
28-Jul-15	7.806	7.806	7.806	7.806	-0.32
27-Jul-15	7.831	7.831	7.831	7.831	0.08
24-Jul-15	7.825	7.825	7.825	7.825	0.26
23-Jul-15	7.805	7.805	7.805	7.805	-0.29
22-Jul-15	7.828	7.828	7.828	7.828	-0.11
21-Jul-15	7.837	7.837	7.837	7.837	-0.08
20-Jul-15	7.843	7.843	7.843	7.843	0.15
18-Jul-15	7.831	7.831	7.831	7.831	0
17-Jul-15	7.831	7.831	7.831	7.831	-0.15
16-Jul-15	7.843	7.843	7.843	7.843	0.04
15-Jul-15	7.84	7.84	7.84	7.84	0.17
14-Jul-15	7.827	7.827	7.827	7.827	-0.56
13-Jul-15	7.871	7.871	7.871	7.871	0.83
10-Jul-15	7.806	7.806	7.806	7.806	0.18
9-Jul-15	7.792	7.792	7.792	7.792	0.14
8-Jul-15	7.781	7.781	7.781	7.781	-0.04
7-Jul-15	7.784	7.784	7.784	7.784	0.4
6-Jul-15	7.753	7.753	7.753	7.753	-0.63
3-Jul-15	7.802	7.802	7.802	7.802	-0.13
2-Jul-15	7.812	7.812	7.812	7.812	-0.08
1-Jul-15	7.818	7.818	7.818	7.818	-0.53
30-Jun-15	7.86	7.86	7.86	7.86	-0.39
29-Jun-15	7.891	7.891	7.891	7.891	0.46
26-Jun-15	7.855	7.855	7.855	7.855	0.4
25-Jun-15	7.824	7.824	7.824	7.824	0.29
24-Jun-15	7.801	7.801	7.801	7.801	0.71
23-Jun-15	7.746	7.746	7.746	7.746	0.14
22-Jun-15	7.735	7.735	7.735	7.735	0.32
19-Jun-15	7.71	7.71	7.71	7.71	-0.66
18-Jun-15	7.761	7.761	7.761	7.761	-1.15
17-Jun-15	7.851	7.851	7.851	7.851	-0.43
16-Jun-15	7.885	7.885	7.885	7.885	0.23
15-Jun-15	7.867	7.867	7.867	7.867	-0.3
12-Jun-15	7.891	7.891	7.891	7.891	0.17
11-Jun-15	7.878	7.878	7.878	7.878	0.66
10-Jun-15	7.826	7.826	7.826	7.826	0.48
9-Jun-15	7.789	7.789	7.789	7.789	-0.15
8-Jun-15	7.801	7.801	7.801	7.801	-2.28
7-Jun-15	7.983	7.983	7.983	7.983	0
5-Jun-15	7.983	7.983	7.983	7.983	-0.35
4-Jun-15	8.011	8.011	8.011	8.011	0.69
3-Jun-15	7.956	7.956	7.956	7.956	0.29
2-Jun-15	7.933	7.933	7.933	7.933	1.42
1-Jun-15	7.822	7.822	7.822	7.822	0.08
30-May-15	7.816	7.816	7.816	7.816	0
29-May-15	7.816	7.816	7.816	7.816	-0.51
28-May-15	7.856	7.856	7.856	7.856	-0.15
27-May-15	7.868	7.868	7.868	7.868	-0.3
26-May-15	7.892	7.892	7.892	7.892	0.34
25-May-15	7.865	7.865	7.865	7.865	0.08
22-May-15	7.859	7.859	7.859	7.859	-0.22
21-May-15	7.876	7.876	7.876	7.876	0.23
20-May-15	7.858	7.858	7.858	7.858	-0.06
19-May-15	7.863	7.863	7.863	7.863	-0.48
18-May-15	7.901	7.901	7.901	7.901	-0.55
15-May-15	7.945	7.945	7.945	7.945	0.09
14-May-15	7.938	7.938	7.938	7.938	-0.24
13-May-15	7.957	7.957	7.957	7.957	0.09
12-May-15	7.95	7.95	7.95	7.95	0.77
11-May-15	7.889	7.889	7.889	7.889	-1.15
8-May-15	7.981	7.981	7.981	7.981	-0.18
7-May-15	7.995	7.995	7.995	7.995	1.32
6-May-15	7.891	7.891	7.891	7.891	0.5
5-May-15	7.852	7.852	7.852	7.852	-0.1
30-Apr-15	7.86	7.86	7.86	7.86	0.61
29-Apr-15	7.812	7.812	7.812	7.812	0.59
28-Apr-15	7.766	7.766	7.766	7.766	-0.17
27-Apr-15	7.779	7.779	7.779	7.779	-0.12
24-Apr-15	7.788	7.788	7.788	7.788	0.37
23-Apr-15	7.759	7.759	7.759	7.759	0.08
22-Apr-15	7.753	7.753	7.753	7.753	-0.33
21-Apr-15	7.779	7.779	7.779	7.779	-0.21
20-Apr-15	7.795	7.795	7.795	7.795	0.04
17-Apr-15	7.792	7.792	7.792	7.792	-0.1
16-Apr-15	7.8	7.8	7.8	7.8	0.21
15-Apr-15	7.784	7.784	7.784	7.784	-0.19
13-Apr-15	7.799	7.799	7.799	7.799	-0.03
10-Apr-15	7.801	7.801	7.801	7.801	0.32
9-Apr-15	7.776	7.776	7.776	7.776	-0.15
8-Apr-15	7.788	7.788	7.788	7.788	-0.01
7-Apr-15	7.789	7.789	7.789	7.789	0.85
6-Apr-15	7.723	7.723	7.723	7.723	-0.17
31-Mar-15	7.736	7.736	7.736	7.736	-0.33
30-Mar-15	7.762	7.762	7.762	7.762	-0.19
27-Mar-15	7.777	7.777	7.777	7.777	-0.27
26-Mar-15	7.798	7.798	7.798	7.798	0.36
25-Mar-15	7.77	7.77	7.77	7.77	0.26
24-Mar-15	7.75	7.75	7.75	7.75	-0.04
23-Mar-15	7.753	7.753	7.753	7.753	0.08
20-Mar-15	7.747	7.747	7.747	7.747	-0.12
19-Mar-15	7.756	7.756	7.756	7.756	-0.49
18-Mar-15	7.794	7.794	7.794	7.794	0.12
17-Mar-15	7.785	7.785	7.785	7.785	-0.27
16-Mar-15	7.806	7.806	7.806	7.806	0.09
13-Mar-15	7.799	7.799	7.799	7.799	1
12-Mar-15	7.722	7.722	7.722	7.722	-0.5
11-Mar-15	7.761	7.761	7.761	7.761	0.14
10-Mar-15	7.75	7.75	7.75	7.75	0.14
9-Mar-15	7.739	7.739	7.739	7.739	0.4
5-Mar-15	7.708	7.708	7.708	7.708	0.3
4-Mar-15	7.685	7.685	7.685	7.685	-0.92
3-Mar-15	7.756	7.756	7.756	7.756	0.13
2-Mar-15	7.746	7.746	7.746	7.746	0.23
27-Feb-15	7.728	7.728	7.728	7.728	-0.16
26-Feb-15	7.74	7.74	7.74	7.74	0.44
25-Feb-15	7.706	7.706	7.706	7.706	-0.16
24-Feb-15	7.718	7.718	7.718	7.718	0.17
23-Feb-15	7.705	7.705	7.705	7.705	0.13
20-Feb-15	7.695	7.695	7.695	7.695	-0.19
19-Feb-15	7.71	7.71	7.71	7.71	0
18-Feb-15	7.71	7.71	7.71	7.71	0.01
16-Feb-15	7.709	7.709	7.709	7.709	0.16
13-Feb-15	7.697	7.697	7.697	7.697	-0.59
12-Feb-15	7.743	7.743	7.743	7.743	0.13
11-Feb-15	7.733	7.733	7.733	7.733	0.05
10-Feb-15	7.729	7.729	7.729	7.729	0.04
9-Feb-15	7.726	7.726	7.726	7.726	0.31
6-Feb-15	7.702	7.702	7.702	7.702	0
5-Feb-15	7.702	7.702	7.702	7.702	-0.23
4-Feb-15	7.72	7.72	7.72	7.72	-0.08
3-Feb-15	7.726	7.726	7.726	7.726	0.97
2-Feb-15	7.652	7.652	7.652	7.652	-0.53
1-Feb-15	7.693	7.693	7.693	7.693	0
30-Jan-15	7.693	7.693	7.693	7.693	-0.25
29-Jan-15	7.712	7.712	7.712	7.712	0.06
28-Jan-15	7.707	7.707	7.707	7.707	0.03
27-Jan-15	7.705	7.705	7.705	7.705	0
23-Jan-15	7.705	7.705	7.705	7.705	-0.1
22-Jan-15	7.713	7.713	7.713	7.713	0.29
21-Jan-15	7.691	7.691	7.691	7.691	-0.44
20-Jan-15	7.725	7.725	7.725	7.725	-0.01
19-Jan-15	7.726	7.726	7.726	7.726	0.26
16-Jan-15	7.706	7.706	7.706	7.706	0.13
15-Jan-15	7.696	7.696	7.696	7.696	-1.02
14-Jan-15	7.775	7.775	7.775	7.775	0.05
13-Jan-15	7.771	7.771	7.771	7.771	-0.5
12-Jan-15	7.81	7.81	7.81	7.81	-0.46
9-Jan-15	7.846	7.846	7.846	7.846	-0.24
8-Jan-15	7.865	7.865	7.865	7.865	0.08
7-Jan-15	7.859	7.859	7.859	7.859	-0.54
6-Jan-15	7.902	7.902	7.902	7.902	0.13
5-Jan-15	7.892	7.892	7.892	7.892	0.23
2-Jan-15	7.874	7.874	7.874	7.874	-0.11
1-Jan-15	7.883	7.883	7.883	7.883	0.33
31-Dec-14	7.857	7.857	7.857	7.857	-0.2
30-Dec-14	7.873	7.873	7.873	7.873	-0.71
29-Dec-14	7.929	7.929	7.929	7.929	-0.65
28-Dec-14	7.981	7.981	7.981	7.981	0
26-Dec-14	7.981	7.981	7.981	7.981	0.24
24-Dec-14	7.962	7.962	7.962	7.962	0.5
23-Dec-14	7.922	7.922	7.922	7.922	-0.44
22-Dec-14	7.957	7.957	7.957	7.957	-0.06
19-Dec-14	7.962	7.962	7.962	7.962	0.39
18-Dec-14	7.931	7.931	7.931	7.931	-0.51
17-Dec-14	7.972	7.972	7.972	7.972	-0.21
16-Dec-14	7.989	7.989	7.989	7.989	1.97
15-Dec-14	7.835	7.835	7.835	7.835	0.05
14-Dec-14	7.831	7.831	7.831	7.831	0
12-Dec-14	7.831	7.831	7.831	7.831	-0.44
11-Dec-14	7.866	7.866	7.866	7.866	-0.53
10-Dec-14	7.908	7.908	7.908	7.908	0.08
9-Dec-14	7.902	7.902	7.902	7.902	-0.23
8-Dec-14	7.92	7.92	7.92	7.92	-0.24
5-Dec-14	7.939	7.939	7.939	7.939	-0.38
4-Dec-14	7.969	7.969	7.969	7.969	-0.05
3-Dec-14	7.973	7.973	7.973	7.973	0.05
2-Dec-14	7.969	7.969	7.969	7.969	-1.14
1-Dec-14	8.061	8.061	8.061	8.061	-0.32
30-Nov-14	8.087	8.087	8.087	8.087	0
28-Nov-14	8.087	8.087	8.087	8.087	-0.72
27-Nov-14	8.146	8.146	8.146	8.146	0.02
26-Nov-14	8.144	8.144	8.144	8.144	-0.18
25-Nov-14	8.159	8.159	8.159	8.159	-0.06
24-Nov-14	8.164	8.164	8.164	8.164	-0.09
21-Nov-14	8.171	8.171	8.171	8.171	0.18
20-Nov-14	8.156	8.156	8.156	8.156	-0.1
19-Nov-14	8.164	8.164	8.164	8.164	0.11
18-Nov-14	8.155	8.155	8.155	8.155	-0.35
17-Nov-14	8.184	8.184	8.184	8.184	-0.45
16-Nov-14	8.221	8.221	8.221	8.221	0
14-Nov-14	8.221	8.221	8.221	8.221	-0.06
13-Nov-14	8.226	8.226	8.226	8.226	0.85
12-Nov-14	8.157	8.157	8.157	8.157	-0.38
11-Nov-14	8.188	8.188	8.188	8.188	0.12
10-Nov-14	8.178	8.178	8.178	8.178	-0.4
7-Nov-14	8.211	8.211	8.211	8.211	0.22
5-Nov-14	8.193	8.193	8.193	8.193	-0.84
3-Nov-14	8.262	8.262	8.262	8.262	-0.18
31-Oct-14	8.277	8.277	8.277	8.277	-0.13
30-Oct-14	8.288	8.288	8.288	8.288	-0.37
29-Oct-14	8.319	8.319	8.319	8.319	-0.06
28-Oct-14	8.324	8.324	8.324	8.324	0.06
27-Oct-14	8.319	8.319	8.319	8.319	-0.48
22-Oct-14	8.359	8.359	8.359	8.359	-0.16
21-Oct-14	8.372	8.372	8.372	8.372	0.14
20-Oct-14	8.36	8.36	8.36	8.36	-0.37
17-Oct-14	8.391	8.391	8.391	8.391	0.25
16-Oct-14	8.37	8.37	8.37	8.37	-0.33
15-Oct-14	8.398	8.398	8.398	8.398	0
14-Oct-14	8.398	8.398	8.398	8.398	-0.26
13-Oct-14	8.42	8.42	8.42	8.42	-0.41
10-Oct-14	8.455	8.455	8.455	8.455	-0.15
9-Oct-14	8.468	8.468	8.468	8.468	0.71
8-Oct-14	8.408	8.408	8.408	8.408	-0.53
7-Oct-14	8.453	8.453	8.453	8.453	-0.33
1-Oct-14	8.481	8.481	8.481	8.481	-0.41
30-Sep-14	8.516	8.516	8.516	8.516	0.29
29-Sep-14	8.491	8.491	8.491	8.491	0.57
27-Sep-14	8.443	8.443	8.443	8.443	0
26-Sep-14	8.443	8.443	8.443	8.443	-0.49
25-Sep-14	8.485	8.485	8.485	8.485	0.04
24-Sep-14	8.482	8.482	8.482	8.482	0.2
23-Sep-14	8.465	8.465	8.465	8.465	0.33
22-Sep-14	8.437	8.437	8.437	8.437	-0.25
19-Sep-14	8.458	8.458	8.458	8.458	0.06
18-Sep-14	8.453	8.453	8.453	8.453	-0.53
17-Sep-14	8.498	8.498	8.498	8.498	-0.01
16-Sep-14	8.499	8.499	8.499	8.499	-0.04
15-Sep-14	8.502	8.502	8.502	8.502	-0.04
13-Sep-14	8.505	8.505	8.505	8.505	0
12-Sep-14	8.505	8.505	8.505	8.505	-0.04
11-Sep-14	8.508	8.508	8.508	8.508	-0.41
10-Sep-14	8.543	8.543	8.543	8.543	0.25
9-Sep-14	8.522	8.522	8.522	8.522	0.24
8-Sep-14	8.502	8.502	8.502	8.502	-0.26
5-Sep-14	8.524	8.524	8.524	8.524	0
4-Sep-14	8.524	8.524	8.524	8.524	0.04
3-Sep-14	8.521	8.521	8.521	8.521	0.02
2-Sep-14	8.519	8.519	8.519	8.519	-0.36
1-Sep-14	8.55	8.55	8.55	8.55	-0.18
31-Aug-14	8.565	8.565	8.565	8.565	0
28-Aug-14	8.565	8.565	8.565	8.565	0.13
27-Aug-14	8.554	8.554	8.554	8.554	-0.07
26-Aug-14	8.56	8.56	8.56	8.56	0.01
25-Aug-14	8.559	8.559	8.559	8.559	0.5
22-Aug-14	8.516	8.516	8.516	8.516	0.05
21-Aug-14	8.512	8.512	8.512	8.512	0.34
20-Aug-14	8.483	8.483	8.483	8.483	-0.61
19-Aug-14	8.535	8.535	8.535	8.535	-2.08
14-Aug-14	8.716	8.716	8.716	8.716	-0.58
13-Aug-14	8.767	8.767	8.767	8.767	-0.88
12-Aug-14	8.845	8.845	8.845	8.845	0.32
11-Aug-14	8.817	8.817	8.817	8.817	-0.43
10-Aug-14	8.855	8.855	8.855	8.855	0
8-Aug-14	8.855	8.855	8.855	8.855	-0.02
7-Aug-14	8.857	8.857	8.857	8.857	-0.12
6-Aug-14	8.868	8.868	8.868	8.868	0.38
5-Aug-14	8.834	8.834	8.834	8.834	1.03
4-Aug-14	8.744	8.744	8.744	8.744	-0.13
2-Aug-14	8.755	8.755	8.755	8.755	0
1-Aug-14	8.755	8.755	8.755	8.755	0.38
31-Jul-14	8.722	8.722	8.722	8.722	-0.05
30-Jul-14	8.726	8.726	8.726	8.726	0.22
28-Jul-14	8.707	8.707	8.707	8.707	0.42
27-Jul-14	8.671	8.671	8.671	8.671	0
25-Jul-14	8.671	8.671	8.671	8.671	0.27
24-Jul-14	8.648	8.648	8.648	8.648	-0.18
23-Jul-14	8.664	8.664	8.664	8.664	-0.3
22-Jul-14	8.69	8.69	8.69	8.69	-0.06
21-Jul-14	8.695	8.695	8.695	8.695	-0.87
20-Jul-14	8.771	8.771	8.771	8.771	0
18-Jul-14	8.771	8.771	8.771	8.771	0.4
17-Jul-14	8.736	8.736	8.736	8.736	0.13
16-Jul-14	8.725	8.725	8.725	8.725	-0.14
15-Jul-14	8.737	8.737	8.737	8.737	-0.54
14-Jul-14	8.784	8.784	8.784	8.784	0.15
12-Jul-14	8.771	8.771	8.771	8.771	0
11-Jul-14	8.771	8.771	8.771	8.771	0.03
10-Jul-14	8.768	8.768	8.768	8.768	0.45
9-Jul-14	8.729	8.729	8.729	8.729	0.02
8-Jul-14	8.727	8.727	8.727	8.727	0.36
7-Jul-14	8.696	8.696	8.696	8.696	0.35
4-Jul-14	8.666	8.666	8.666	8.666	0.07
3-Jul-14	8.66	8.66	8.66	8.66	0
2-Jul-14	8.66	8.66	8.66	8.66	-0.88
1-Jul-14	8.737	8.737	8.737	8.737	-0.11
30-Jun-14	8.747	8.747	8.747	8.747	-0.02
27-Jun-14	8.749	8.749	8.749	8.749	0.16
26-Jun-14	8.735	8.735	8.735	8.735	0.33
25-Jun-14	8.706	8.706	8.706	8.706	-0.13
24-Jun-14	8.717	8.717	8.717	8.717	-0.67
23-Jun-14	8.776	8.776	8.776	8.776	0.6
20-Jun-14	8.724	8.724	8.724	8.724	0.38
19-Jun-14	8.691	8.691	8.691	8.691	0.23
18-Jun-14	8.671	8.671	8.671	8.671	0.81
17-Jun-14	8.601	8.601	8.601	8.601	-0.59
16-Jun-14	8.652	8.652	8.652	8.652	0.63
13-Jun-14	8.598	8.598	8.598	8.598	0.6
12-Jun-14	8.547	8.547	8.547	8.547	0.07
11-Jun-14	8.541	8.541	8.541	8.541	-0.29
10-Jun-14	8.566	8.566	8.566	8.566	0.2
9-Jun-14	8.549	8.549	8.549	8.549	0.41
6-Jun-14	8.514	8.514	8.514	8.514	-0.16
5-Jun-14	8.528	8.528	8.528	8.528	-0.72
4-Jun-14	8.59	8.59	8.59	8.59	-0.1
3-Jun-14	8.599	8.599	8.599	8.599	-0.73
2-Jun-14	8.662	8.662	8.662	8.662	0.19
30-May-14	8.646	8.646	8.646	8.646	-0.29
29-May-14	8.671	8.671	8.671	8.671	-0.37
28-May-14	8.703	8.703	8.703	8.703	0.32
27-May-14	8.675	8.675	8.675	8.675	-0.03
26-May-14	8.678	8.678	8.678	8.678	0.47
25-May-14	8.637	8.637	8.637	8.637	0
23-May-14	8.637	8.637	8.637	8.637	-0.86
22-May-14	8.712	8.712	8.712	8.712	-0.68
21-May-14	8.772	8.772	8.772	8.772	-0.95
20-May-14	8.856	8.856	8.856	8.856	-0.09
19-May-14	8.864	8.864	8.864	8.864	0.32
16-May-14	8.836	8.836	8.836	8.836	0.59
15-May-14	8.784	8.784	8.784	8.784	-0.01
13-May-14	8.785	8.785	8.785	8.785	0.63
12-May-14	8.73	8.73	8.73	8.73	-0.21
9-May-14	8.748	8.748	8.748	8.748	-0.15
8-May-14	8.761	8.761	8.761	8.761	-0.47
7-May-14	8.802	8.802	8.802	8.802	0.27
6-May-14	8.778	8.778	8.778	8.778	0.48
5-May-14	8.736	8.736	8.736	8.736	-0.85
2-May-14	8.811	8.811	8.811	8.811	-0.22
30-Apr-14	8.83	8.83	8.83	8.83	0
29-Apr-14	8.83	8.83	8.83	8.83	-0.28
28-Apr-14	8.855	8.855	8.855	8.855	-0.34
25-Apr-14	8.885	8.885	8.885	8.885	0.38
23-Apr-14	8.851	8.851	8.851	8.851	-0.03
22-Apr-14	8.854	8.854	8.854	8.854	-0.11
21-Apr-14	8.864	8.864	8.864	8.864	0.12
17-Apr-14	8.853	8.853	8.853	8.853	-1.26
16-Apr-14	8.966	8.966	8.966	8.966	0.12
15-Apr-14	8.955	8.955	8.955	8.955	0.12
11-Apr-14	8.944	8.944	8.944	8.944	-0.64
10-Apr-14	9.002	9.002	9.002	9.002	-0.37
9-Apr-14	9.035	9.035	9.035	9.035	-0.76
7-Apr-14	9.104	9.104	9.104	9.104	0.43
4-Apr-14	9.065	9.065	9.065	9.065	0.63
3-Apr-14	9.008	9.008	9.008	9.008	0.51
2-Apr-14	8.962	8.962	8.962	8.962	1.73
1-Apr-14	8.81	8.81	8.81	8.81	0
28-Mar-14	8.81	8.81	8.81	8.81	-0.16
27-Mar-14	8.824	8.824	8.824	8.824	0.44
26-Mar-14	8.785	8.785	8.785	8.785	-0.03
25-Mar-14	8.788	8.788	8.788	8.788	0.03
24-Mar-14	8.785	8.785	8.785	8.785	-0.14
21-Mar-14	8.797	8.797	8.797	8.797	-0.26
20-Mar-14	8.82	8.82	8.82	8.82	0.46
19-Mar-14	8.78	8.78	8.78	8.78	-0.28
18-Mar-14	8.805	8.805	8.805	8.805	0.11
14-Mar-14	8.795	8.795	8.795	8.795	0.65
13-Mar-14	8.738	8.738	8.738	8.738	0.23
12-Mar-14	8.718	8.718	8.718	8.718	-0.19
11-Mar-14	8.735	8.735	8.735	8.735	-0.23
10-Mar-14	8.755	8.755	8.755	8.755	-0.65
9-Mar-14	8.812	8.812	8.812	8.812	0
7-Mar-14	8.812	8.812	8.812	8.812	0.2
6-Mar-14	8.794	8.794	8.794	8.794	-0.54
5-Mar-14	8.842	8.842	8.842	8.842	0.03
4-Mar-14	8.839	8.839	8.839	8.839	-0.7
3-Mar-14	8.901	8.901	8.901	8.901	0.45
28-Feb-14	8.861	8.861	8.861	8.861	-0.64
26-Feb-14	8.918	8.918	8.918	8.918	0.48
25-Feb-14	8.875	8.875	8.875	8.875	-0.11
24-Feb-14	8.885	8.885	8.885	8.885	1.02
21-Feb-14	8.795	8.795	8.795	8.795	0.07
20-Feb-14	8.789	8.789	8.789	8.789	0.19
18-Feb-14	8.772	8.772	8.772	8.772	-0.39
17-Feb-14	8.806	8.806	8.806	8.806	-0.03
14-Feb-14	8.809	8.809	8.809	8.809	-0.63
13-Feb-14	8.865	8.865	8.865	8.865	0.61
12-Feb-14	8.811	8.811	8.811	8.811	0.81
11-Feb-14	8.74	8.74	8.74	8.74	0.54
10-Feb-14	8.693	8.693	8.693	8.693	-0.5
7-Feb-14	8.737	8.737	8.737	8.737	0.19
6-Feb-14	8.72	8.72	8.72	8.72	0.1
5-Feb-14	8.711	8.711	8.711	8.711	0.31
4-Feb-14	8.684	8.684	8.684	8.684	-0.6
3-Feb-14	8.736	8.736	8.736	8.736	-0.59
31-Jan-14	8.788	8.788	8.788	8.788	-0.4
30-Jan-14	8.823	8.823	8.823	8.823	0.52
29-Jan-14	8.777	8.777	8.777	8.777	0.3
28-Jan-14	8.751	8.751	8.751	8.751	-0.22
27-Jan-14	8.77	8.77	8.77	8.77	0.33
24-Jan-14	8.741	8.741	8.741	8.741	0.87
23-Jan-14	8.666	8.666	8.666	8.666	0.67
22-Jan-14	8.608	8.608	8.608	8.608	0.63
21-Jan-14	8.554	8.554	8.554	8.554	0.42
20-Jan-14	8.518	8.518	8.518	8.518	-1.3
17-Jan-14	8.63	8.63	8.63	8.63	0.08
16-Jan-14	8.623	8.623	8.623	8.623	-0.19
15-Jan-14	8.639	8.639	8.639	8.639	-0.84
13-Jan-14	8.712	8.712	8.712	8.712	-0.55
10-Jan-14	8.76	8.76	8.76	8.76	-0.36
9-Jan-14	8.792	8.792	8.792	8.792	-0.12
8-Jan-14	8.803	8.803	8.803	8.803	0.13
7-Jan-14	8.792	8.792	8.792	8.792	0.09
6-Jan-14	8.784	8.784	8.784	8.784	-0.6
3-Jan-14	8.837	8.837	8.837	8.837	-0.03
2-Jan-14	8.84	8.84	8.84	8.84	-0.09
1-Jan-14	8.848	8.848	8.848	8.848	0.26
31-Dec-13	8.825	8.825	8.825	8.825	-0.37
30-Dec-13	8.858	8.858	8.858	8.858	-1.14
27-Dec-13	8.96	8.96	8.96	8.96	0.76
26-Dec-13	8.892	8.892	8.892	8.892	0.26
25-Dec-13	8.869	8.869	8.869	8.869	0
24-Dec-13	8.869	8.869	8.869	8.869	0.59
23-Dec-13	8.817	8.817	8.817	8.817	0.23
20-Dec-13	8.797	8.797	8.797	8.797	0.58
19-Dec-13	8.746	8.746	8.746	8.746	-0.49
18-Dec-13	8.789	8.789	8.789	8.789	-1.41
17-Dec-13	8.915	8.915	8.915	8.915	0.54
16-Dec-13	8.867	8.867	8.867	8.867	-0.49
13-Dec-13	8.911	8.911	8.911	8.911	0.69
12-Dec-13	8.85	8.85	8.85	8.85	0.27
11-Dec-13	8.826	8.826	8.826	8.826	-0.16
10-Dec-13	8.84	8.84	8.84	8.84	-0.75
9-Dec-13	8.907	8.907	8.907	8.907	-2.89
6-Dec-13	9.172	9.172	9.172	9.172	0.7
5-Dec-13	9.108	9.108	9.108	9.108	0.2
4-Dec-13	9.09	9.09	9.09	9.09	0.2
3-Dec-13	9.072	9.072	9.072	9.072	0.27
2-Dec-13	9.048	9.048	9.048	9.048	-0.13
29-Nov-13	9.06	9.06	9.06	9.06	0.51
28-Nov-13	9.014	9.014	9.014	9.014	0.16
27-Nov-13	9	9	9	9	-0.53
26-Nov-13	9.048	9.048	9.048	9.048	-0.55
25-Nov-13	9.098	9.098	9.098	9.098	-0.04
22-Nov-13	9.102	9.102	9.102	9.102	0.23
21-Nov-13	9.081	9.081	9.081	9.081	0.41
20-Nov-13	9.044	9.044	9.044	9.044	0.31
19-Nov-13	9.016	9.016	9.016	9.016	0.54
18-Nov-13	8.968	8.968	8.968	8.968	-0.62
17-Nov-13	9.024	9.024	9.024	9.024	0
15-Nov-13	9.024	9.024	9.024	9.024	0
14-Nov-13	9.024	9.024	9.024	9.024	1.13
13-Nov-13	8.923	8.923	8.923	8.923	-1.51
12-Nov-13	9.06	9.06	9.06	9.06	1.14
11-Nov-13	8.958	8.958	8.958	8.958	-0.38
8-Nov-13	8.992	8.992	8.992	8.992	1.59
7-Nov-13	8.851	8.851	8.851	8.851	0.35
6-Nov-13	8.82	8.82	8.82	8.82	0.95
5-Nov-13	8.737	8.737	8.737	8.737	0.37
4-Nov-13	8.705	8.705	8.705	8.705	0
3-Nov-13	8.705	8.705	8.705	8.705	0
1-Nov-13	8.705	8.705	8.705	8.705	0.87
31-Oct-13	8.63	8.63	8.63	8.63	0.66
30-Oct-13	8.573	8.573	8.573	8.573	0.36
29-Oct-13	8.542	8.542	8.542	8.542	-1.41
28-Oct-13	8.664	8.664	8.664	8.664	0.99
27-Oct-13	8.579	8.579	8.579	8.579	0
25-Oct-13	8.579	8.579	8.579	8.579	-0.08
24-Oct-13	8.586	8.586	8.586	8.586	-0.53
23-Oct-13	8.632	8.632	8.632	8.632	0.26
22-Oct-13	8.61	8.61	8.61	8.61	0.06
21-Oct-13	8.605	8.605	8.605	8.605	0.56
18-Oct-13	8.557	8.557	8.557	8.557	-0.55
17-Oct-13	8.604	8.604	8.604	8.604	-0.68
16-Oct-13	8.663	8.663	8.663	8.663	0
15-Oct-13	8.663	8.663	8.663	8.663	1.03
14-Oct-13	8.575	8.575	8.575	8.575	1.04
11-Oct-13	8.487	8.487	8.487	8.487	0.7
10-Oct-13	8.428	8.428	8.428	8.428	-0.35
9-Oct-13	8.458	8.458	8.458	8.458	-0.48
8-Oct-13	8.499	8.499	8.499	8.499	-2.12
7-Oct-13	8.683	8.683	8.683	8.683	0.71
4-Oct-13	8.622	8.622	8.622	8.622	-0.22
3-Oct-13	8.641	8.641	8.641	8.641	-1.08
2-Oct-13	8.735	8.735	8.735	8.735	0
1-Oct-13	8.735	8.735	8.735	8.735	-0.3
30-Sep-13	8.761	8.761	8.761	8.761	0.59
29-Sep-13	8.71	8.71	8.71	8.71	0
27-Sep-13	8.71	8.71	8.71	8.71	-0.16
26-Sep-13	8.724	8.724	8.724	8.724	-0.8
25-Sep-13	8.794	8.794	8.794	8.794	-0.53
24-Sep-13	8.841	8.841	8.841	8.841	-0.11
23-Sep-13	8.851	8.851	8.851	8.851	3.21
22-Sep-13	8.576	8.576	8.576	8.576	0
20-Sep-13	8.576	8.576	8.576	8.576	4.64
19-Sep-13	8.196	8.196	8.196	8.196	-2.11
18-Sep-13	8.373	8.373	8.373	8.373	-0.84
17-Sep-13	8.444	8.444	8.444	8.444	0.14
16-Sep-13	8.432	8.432	8.432	8.432	-0.71
15-Sep-13	8.492	8.492	8.492	8.492	0
13-Sep-13	8.492	8.492	8.492	8.492	-0.11
12-Sep-13	8.501	8.501	8.501	8.501	0.4
11-Sep-13	8.467	8.467	8.467	8.467	-0.2
10-Sep-13	8.484	8.484	8.484	8.484	-1.7
9-Sep-13	8.631	8.631	8.631	8.631	0
8-Sep-13	8.631	8.631	8.631	8.631	0
7-Sep-13	8.631	8.631	8.631	8.631	0
6-Sep-13	8.631	8.631	8.631	8.631	2.49
5-Sep-13	8.421	8.421	8.421	8.421	0.38
4-Sep-13	8.389	8.389	8.389	8.389	-2.2
3-Sep-13	8.578	8.578	8.578	8.578	1.26
2-Sep-13	8.471	8.471	8.471	8.471	-1.52
1-Sep-13	8.602	8.602	8.602	8.602	0
30-Aug-13	8.602	8.602	8.602	8.602	-1.99
29-Aug-13	8.777	8.777	8.777	8.777	-2.08
28-Aug-13	8.963	8.963	8.963	8.963	2.32
27-Aug-13	8.76	8.76	8.76	8.76	5.05
26-Aug-13	8.339	8.339	8.339	8.339	0.83
23-Aug-13	8.27	8.27	8.27	8.27	0.4
22-Aug-13	8.237	8.237	8.237	8.237	-2.15
21-Aug-13	8.418	8.418	8.418	8.418	-5.63
20-Aug-13	8.92	8.92	8.92	8.92	-3.42
19-Aug-13	9.236	9.236	9.236	9.236	3.85
16-Aug-13	8.894	8.894	8.894	8.894	4.61
15-Aug-13	8.502	8.502	8.502	8.502	0
14-Aug-13	8.502	8.502	8.502	8.502	1.24
13-Aug-13	8.398	8.398	8.398	8.398	1.22
12-Aug-13	8.297	8.297	8.297	8.297	2.1
11-Aug-13	8.126	8.126	8.126	8.126	0
10-Aug-13	8.126	8.126	8.126	8.126	0
9-Aug-13	8.126	8.126	8.126	8.126	0
8-Aug-13	8.126	8.126	8.126	8.126	-0.21
7-Aug-13	8.143	8.143	8.143	8.143	-0.73
6-Aug-13	8.203	8.203	8.203	8.203	-0.09
5-Aug-13	8.21	8.21	8.21	8.21	-0.86
2-Aug-13	8.281	8.281	8.281	8.281	2.44
1-Aug-13	8.084	8.084	8.084	8.084	-1.05
31-Jul-13	8.17	8.17	8.17	8.17	-1.03
30-Jul-13	8.255	8.255	8.255	8.255	1.55
29-Jul-13	8.129	8.129	8.129	8.129	-0.4
26-Jul-13	8.162	8.162	8.162	8.162	-0.49
25-Jul-13	8.202	8.202	8.202	8.202	-2.57
24-Jul-13	8.418	8.418	8.418	8.418	2.95
23-Jul-13	8.177	8.177	8.177	8.177	1.08
22-Jul-13	8.09	8.09	8.09	8.09	1.89
19-Jul-13	7.94	7.94	7.94	7.94	-0.61
18-Jul-13	7.989	7.989	7.989	7.989	-0.77
17-Jul-13	8.051	8.051	8.051	8.051	-0.21
16-Jul-13	8.068	8.068	8.068	8.068	6.69
15-Jul-13	7.562	7.562	7.562	7.562	0.44
12-Jul-13	7.529	7.529	7.529	7.529	0.75
11-Jul-13	7.473	7.473	7.473	7.473	-0.65
10-Jul-13	7.522	7.522	7.522	7.522	-0.34
9-Jul-13	7.548	7.548	7.548	7.548	-0.4
8-Jul-13	7.578	7.578	7.578	7.578	1.01
5-Jul-13	7.502	7.502	7.502	7.502	1.02
4-Jul-13	7.426	7.426	7.426	7.426	-1.13
3-Jul-13	7.511	7.511	7.511	7.511	0.47
2-Jul-13	7.476	7.476	7.476	7.476	0.23
1-Jul-13	7.459	7.459	7.459	7.459	0.13
28-Jun-13	7.449	7.449	7.449	7.449	-1.43
27-Jun-13	7.557	7.557	7.557	7.557	-0.34
26-Jun-13	7.583	7.583	7.583	7.583	1.07
25-Jun-13	7.503	7.503	7.503	7.503	-0.19
24-Jun-13	7.517	7.517	7.517	7.517	1.09
23-Jun-13	7.436	7.436	7.436	7.436	0
21-Jun-13	7.436	7.436	7.436	7.436	0.58
20-Jun-13	7.393	7.393	7.393	7.393	1.65
19-Jun-13	7.273	7.273	7.273	7.273	-0.08
18-Jun-13	7.279	7.279	7.279	7.279	0.33
17-Jun-13	7.255	7.255	7.255	7.255	-0.85
16-Jun-13	7.317	7.317	7.317	7.317	0
14-Jun-13	7.317	7.317	7.317	7.317	-0.23
13-Jun-13	7.334	7.334	7.334	7.334	0.53
12-Jun-13	7.295	7.295	7.295	7.295	-0.1
11-Jun-13	7.302	7.302	7.302	7.302	0.33
10-Jun-13	7.278	7.278	7.278	7.278	0.5
8-Jun-13	7.242	7.242	7.242	7.242	0
7-Jun-13	7.242	7.242	7.242	7.242	0.32
6-Jun-13	7.219	7.219	7.219	7.219	0.15
5-Jun-13	7.208	7.208	7.208	7.208	0.17
4-Jun-13	7.196	7.196	7.196	7.196	-0.69
3-Jun-13	7.246	7.246	7.246	7.246	-2.73
31-May-13	7.449	7.449	7.449	7.449	0.05
30-May-13	7.445	7.445	7.445	7.445	0.65
29-May-13	7.397	7.397	7.397	7.397	0.52
28-May-13	7.359	7.359	7.359	7.359	0.3
27-May-13	7.337	7.337	7.337	7.337	-0.05
25-May-13	7.341	7.341	7.341	7.341	0
24-May-13	7.341	7.341	7.341	7.341	-0.57
23-May-13	7.383	7.383	7.383	7.383	0.24
22-May-13	7.365	7.365	7.365	7.365	0.18
21-May-13	7.352	7.352	7.352	7.352	0.18
20-May-13	7.339	7.339	7.339	7.339	-0.96
17-May-13	7.41	7.41	7.41	7.41	0.18
16-May-13	7.397	7.397	7.397	7.397	-0.88
15-May-13	7.463	7.463	7.463	7.463	-0.16
14-May-13	7.475	7.475	7.475	7.475	-1.45
13-May-13	7.585	7.585	7.585	7.585	-0.05
10-May-13	7.589	7.589	7.589	7.589	-0.26
9-May-13	7.609	7.609	7.609	7.609	-1.17
8-May-13	7.699	7.699	7.699	7.699	-0.57
7-May-13	7.743	7.743	7.743	7.743	-0.08
6-May-13	7.749	7.749	7.749	7.749	0.09
3-May-13	7.742	7.742	7.742	7.742	0.18
2-May-13	7.728	7.728	7.728	7.728	-0.04
1-May-13	7.731	7.731	7.731	7.731	0
30-Apr-13	7.731	7.731	7.731	7.731	-0.4
29-Apr-13	7.762	7.762	7.762	7.762	0.25
26-Apr-13	7.743	7.743	7.743	7.743	-0.39
25-Apr-13	7.773	7.773	7.773	7.773	0.44
24-Apr-13	7.739	7.739	7.739	7.739	0
23-Apr-13	7.739	7.739	7.739	7.739	-0.19
22-Apr-13	7.754	7.754	7.754	7.754	-0.36
19-Apr-13	7.782	7.782	7.782	7.782	0
18-Apr-13	7.782	7.782	7.782	7.782	-0.27
17-Apr-13	7.803	7.803	7.803	7.803	-0.29
16-Apr-13	7.826	7.826	7.826	7.826	-0.06
15-Apr-13	7.831	7.831	7.831	7.831	-0.55
12-Apr-13	7.874	7.874	7.874	7.874	-0.33
11-Apr-13	7.9	7.9	7.9	7.9	0
10-Apr-13	7.9	7.9	7.9	7.9	0.19
9-Apr-13	7.885	7.885	7.885	7.885	-0.37
8-Apr-13	7.914	7.914	7.914	7.914	-0.24
5-Apr-13	7.933	7.933	7.933	7.933	-0.39
4-Apr-13	7.964	7.964	7.964	7.964	-0.01
3-Apr-13	7.965	7.965	7.965	7.965	-0.35
2-Apr-13	7.993	7.993	7.993	7.993	0.41
29-Mar-13	7.96	7.96	7.96	7.96	0
28-Mar-13	7.96	7.96	7.96	7.96	-0.38
27-Mar-13	7.99	7.99	7.99	7.99	0
26-Mar-13	7.99	7.99	7.99	7.99	0.53
25-Mar-13	7.948	7.948	7.948	7.948	-0.18
22-Mar-13	7.962	7.962	7.962	7.962	0.34
21-Mar-13	7.935	7.935	7.935	7.935	0.14
20-Mar-13	7.924	7.924	7.924	7.924	0.23
19-Mar-13	7.906	7.906	7.906	7.906	0.25
18-Mar-13	7.886	7.886	7.886	7.886	0.29
17-Mar-13	7.863	7.863	7.863	7.863	0
15-Mar-13	7.863	7.863	7.863	7.863	-0.04
14-Mar-13	7.866	7.866	7.866	7.866	-0.47
13-Mar-13	7.903	7.903	7.903	7.903	0.18
12-Mar-13	7.889	7.889	7.889	7.889	0.6
11-Mar-13	7.842	7.842	7.842	7.842	0.03
8-Mar-13	7.84	7.84	7.84	7.84	-0.31
7-Mar-13	7.864	7.864	7.864	7.864	0.03
6-Mar-13	7.862	7.862	7.862	7.862	-0.15
5-Mar-13	7.874	7.874	7.874	7.874	-0.18
4-Mar-13	7.888	7.888	7.888	7.888	-0.25
1-Mar-13	7.908	7.908	7.908	7.908	0.44
28-Feb-13	7.873	7.873	7.873	7.873	0.95
27-Feb-13	7.799	7.799	7.799	7.799	-0.22
26-Feb-13	7.816	7.816	7.816	7.816	0.23
25-Feb-13	7.798	7.798	7.798	7.798	-0.04
22-Feb-13	7.801	7.801	7.801	7.801	-0.15
21-Feb-13	7.813	7.813	7.813	7.813	0.08
20-Feb-13	7.807	7.807	7.807	7.807	-0.26
19-Feb-13	7.827	7.827	7.827	7.827	0
18-Feb-13	7.827	7.827	7.827	7.827	-0.06
17-Feb-13	7.832	7.832	7.832	7.832	0
15-Feb-13	7.832	7.832	7.832	7.832	0.14
14-Feb-13	7.821	7.821	7.821	7.821	-0.31
13-Feb-13	7.845	7.845	7.845	7.845	-0.29
12-Feb-13	7.868	7.868	7.868	7.868	0.11
11-Feb-13	7.859	7.859	7.859	7.859	0.19
9-Feb-13	7.844	7.844	7.844	7.844	0
8-Feb-13	7.844	7.844	7.844	7.844	-0.43
7-Feb-13	7.878	7.878	7.878	7.878	-0.37
6-Feb-13	7.907	7.907	7.907	7.907	-0.2
5-Feb-13	7.923	7.923	7.923	7.923	-0.2
4-Feb-13	7.939	7.939	7.939	7.939	0.4
1-Feb-13	7.907	7.907	7.907	7.907	-0.06
31-Jan-13	7.912	7.912	7.912	7.912	0.24
30-Jan-13	7.893	7.893	7.893	7.893	0.59
29-Jan-13	7.847	7.847	7.847	7.847	-0.24
28-Jan-13	7.866	7.866	7.866	7.866	-0.24
25-Jan-13	7.885	7.885	7.885	7.885	0
24-Jan-13	7.885	7.885	7.885	7.885	0.23
23-Jan-13	7.867	7.867	7.867	7.867	0.22
22-Jan-13	7.85	7.85	7.85	7.85	-0.19
21-Jan-13	7.865	7.865	7.865	7.865	-0.06
18-Jan-13	7.87	7.87	7.87	7.87	0.42
17-Jan-13	7.837	7.837	7.837	7.837	-0.56
16-Jan-13	7.881	7.881	7.881	7.881	0.61
15-Jan-13	7.833	7.833	7.833	7.833	0.38
14-Jan-13	7.803	7.803	7.803	7.803	-0.84
13-Jan-13	7.869	7.869	7.869	7.869	0
11-Jan-13	7.869	7.869	7.869	7.869	-0.14
10-Jan-13	7.88	7.88	7.88	7.88	-0.22
9-Jan-13	7.897	7.897	7.897	7.897	-0.13
8-Jan-13	7.907	7.907	7.907	7.907	0.05
7-Jan-13	7.903	7.903	7.903	7.903	-0.38
5-Jan-13	7.933	7.933	7.933	7.933	0
4-Jan-13	7.933	7.933	7.933	7.933	-0.46
3-Jan-13	7.97	7.97	7.97	7.97	-0.36
2-Jan-13	7.999	7.999	7.999	7.999	0.03
1-Jan-13	7.997	7.997	7.997	7.997	-0.65
31-Dec-12	8.049	8.049	8.049	8.049	-0.72
30-Dec-12	8.107	8.107	8.107	8.107	0
29-Dec-12	8.107	8.107	8.107	8.107	0
28-Dec-12	8.107	8.107	8.107	8.107	-0.05
27-Dec-12	8.111	8.111	8.111	8.111	-0.04
26-Dec-12	8.114	8.114	8.114	8.114	-0.21
25-Dec-12	8.131	8.131	8.131	8.131	0
24-Dec-12	8.131	8.131	8.131	8.131	-0.15
23-Dec-12	8.143	8.143	8.143	8.143	0
22-Dec-12	8.143	8.143	8.143	8.143	0
21-Dec-12	8.143	8.143	8.143	8.143	-0.13
20-Dec-12	8.154	8.154	8.154	8.154	0
19-Dec-12	8.154	8.154	8.154	8.154	0.06
18-Dec-12	8.149	8.149	8.149	8.149	0.09
17-Dec-12	8.142	8.142	8.142	8.142	0
15-Dec-12	8.142	8.142	8.142	8.142	0
14-Dec-12	8.142	8.142	8.142	8.142	-0.22
13-Dec-12	8.16	8.16	8.16	8.16	-0.23
12-Dec-12	8.179	8.179	8.179	8.179	0.01
11-Dec-12	8.178	8.178	8.178	8.178	0.06
10-Dec-12	8.173	8.173	8.173	8.173	0.17
7-Dec-12	8.159	8.159	8.159	8.159	-0.15
6-Dec-12	8.171	8.171	8.171	8.171	0
5-Dec-12	8.171	8.171	8.171	8.171	0
4-Dec-12	8.171	8.171	8.171	8.171	-0.04
3-Dec-12	8.174	8.174	8.174	8.174	-0.04
1-Dec-12	8.177	8.177	8.177	8.177	0
30-Nov-12	8.177	8.177	8.177	8.177	-0.35
29-Nov-12	8.206	8.206	8.206	8.206	0.18
28-Nov-12	8.191	8.191	8.191	8.191	0
27-Nov-12	8.191	8.191	8.191	8.191	-0.16
26-Nov-12	8.204	8.204	8.204	8.204	-0.32
24-Nov-12	8.23	8.23	8.23	8.23	0
23-Nov-12	8.23	8.23	8.23	8.23	0.01
22-Nov-12	8.229	8.229	8.229	8.229	0.26
21-Nov-12	8.208	8.208	8.208	8.208	0.09
20-Nov-12	8.201	8.201	8.201	8.201	0.1
19-Nov-12	8.193	8.193	8.193	8.193	0
17-Nov-12	8.193	8.193	8.193	8.193	0
16-Nov-12	8.193	8.193	8.193	8.193	0.04
15-Nov-12	8.19	8.19	8.19	8.19	-0.28
13-Nov-12	8.213	8.213	8.213	8.213	0
12-Nov-12	8.213	8.213	8.213	8.213	-0.02
10-Nov-12	8.215	8.215	8.215	8.215	0
9-Nov-12	8.215	8.215	8.215	8.215	0.28
8-Nov-12	8.192	8.192	8.192	8.192	0.01
7-Nov-12	8.191	8.191	8.191	8.191	0.07
6-Nov-12	8.185	8.185	8.185	8.185	-0.15
5-Nov-12	8.197	8.197	8.197	8.197	-0.01
3-Nov-12	8.198	8.198	8.198	8.198	0
2-Nov-12	8.198	8.198	8.198	8.198	0.05
1-Nov-12	8.194	8.194	8.194	8.194	-0.28
31-Oct-12	8.217	8.217	8.217	8.217	0.44
30-Oct-12	8.181	8.181	8.181	8.181	0.58
29-Oct-12	8.134	8.134	8.134	8.134	0.05
26-Oct-12	8.13	8.13	8.13	8.13	0
25-Oct-12	8.13	8.13	8.13	8.13	-0.09
24-Oct-12	8.137	8.137	8.137	8.137	0
23-Oct-12	8.137	8.137	8.137	8.137	0.04
22-Oct-12	8.134	8.134	8.134	8.134	0.06
20-Oct-12	8.129	8.129	8.129	8.129	0
19-Oct-12	8.129	8.129	8.129	8.129	-0.11
18-Oct-12	8.138	8.138	8.138	8.138	-0.18
17-Oct-12	8.153	8.153	8.153	8.153	0
16-Oct-12	8.153	8.153	8.153	8.153	-0.21
15-Oct-12	8.17	8.17	8.17	8.17	0
13-Oct-12	8.17	8.17	8.17	8.17	0
12-Oct-12	8.17	8.17	8.17	8.17	0.07
11-Oct-12	8.164	8.164	8.164	8.164	0.07
10-Oct-12	8.158	8.158	8.158	8.158	0.17
9-Oct-12	8.144	8.144	8.144	8.144	-0.06
8-Oct-12	8.149	8.149	8.149	8.149	-0.16
6-Oct-12	8.162	8.162	8.162	8.162	0
5-Oct-12	8.162	8.162	8.162	8.162	0.15
4-Oct-12	8.15	8.15	8.15	8.15	0.04
3-Oct-12	8.147	8.147	8.147	8.147	-0.17
2-Oct-12	8.161	8.161	8.161	8.161	0
1-Oct-12	8.161	8.161	8.161	8.161	0.11
29-Sep-12	8.152	8.152	8.152	8.152	0
28-Sep-12	8.152	8.152	8.152	8.152	-0.12
27-Sep-12	8.162	8.162	8.162	8.162	-0.1
26-Sep-12	8.17	8.17	8.17	8.17	0
25-Sep-12	8.17	8.17	8.17	8.17	0.17
24-Sep-12	8.156	8.156	8.156	8.156	-0.13
23-Sep-12	8.167	8.167	8.167	8.167	0
22-Sep-12	8.167	8.167	8.167	8.167	0
21-Sep-12	8.167	8.167	8.167	8.167	0.06
20-Sep-12	8.162	8.162	8.162	8.162	-0.07
19-Sep-12	8.168	8.168	8.168	8.168	0
18-Sep-12	8.168	8.168	8.168	8.168	-0.21
17-Sep-12	8.185	8.185	8.185	8.185	0.06
15-Sep-12	8.18	8.18	8.18	8.18	0
14-Sep-12	8.18	8.18	8.18	8.18	0.04
13-Sep-12	8.177	8.177	8.177	8.177	-0.28
12-Sep-12	8.2	8.2	8.2	8.2	0.18
11-Sep-12	8.185	8.185	8.185	8.185	0.07
10-Sep-12	8.179	8.179	8.179	8.179	-0.27
8-Sep-12	8.201	8.201	8.201	8.201	0
7-Sep-12	8.201	8.201	8.201	8.201	0.5
6-Sep-12	8.16	8.16	8.16	8.16	-0.24
5-Sep-12	8.18	8.18	8.18	8.18	-0.4
4-Sep-12	8.213	8.213	8.213	8.213	-0.04
3-Sep-12	8.216	8.216	8.216	8.216	-0.3
1-Sep-12	8.241	8.241	8.241	8.241	0
31-Aug-12	8.241	8.241	8.241	8.241	0.57
30-Aug-12	8.194	8.194	8.194	8.194	0.18
29-Aug-12	8.179	8.179	8.179	8.179	0.04
28-Aug-12	8.176	8.176	8.176	8.176	-0.15
27-Aug-12	8.188	8.188	8.188	8.188	-0.27
25-Aug-12	8.21	8.21	8.21	8.21	0
24-Aug-12	8.21	8.21	8.21	8.21	-0.24
23-Aug-12	8.23	8.23	8.23	8.23	0.07
22-Aug-12	8.224	8.224	8.224	8.224	-0.29
21-Aug-12	8.248	8.248	8.248	8.248	0.13
18-Aug-12	8.237	8.237	8.237	8.237	0
17-Aug-12	8.237	8.237	8.237	8.237	-0.34
16-Aug-12	8.265	8.265	8.265	8.265	0.54
15-Aug-12	8.221	8.221	8.221	8.221	0
14-Aug-12	8.221	8.221	8.221	8.221	0.18
13-Aug-12	8.206	8.206	8.206	8.206	0.44
11-Aug-12	8.17	8.17	8.17	8.17	0
10-Aug-12	8.17	8.17	8.17	8.17	0.33
9-Aug-12	8.143	8.143	8.143	8.143	0.06
8-Aug-12	8.138	8.138	8.138	8.138	-0.13
7-Aug-12	8.149	8.149	8.149	8.149	-0.89
6-Aug-12	8.222	8.222	8.222	8.222	-0.41
5-Aug-12	8.256	8.256	8.256	8.256	0
4-Aug-12	8.256	8.256	8.256	8.256	0
3-Aug-12	8.256	8.256	8.256	8.256	0.45
2-Aug-12	8.219	8.219	8.219	8.219	-0.15
1-Aug-12	8.231	8.231	8.231	8.231	-0.19
31-Jul-12	8.247	8.247	8.247	8.247	1.22
30-Jul-12	8.148	8.148	8.148	8.148	0.36
28-Jul-12	8.119	8.119	8.119	8.119	0
27-Jul-12	8.119	8.119	8.119	8.119	0.07
26-Jul-12	8.113	8.113	8.113	8.113	0.12
25-Jul-12	8.103	8.103	8.103	8.103	0.37
24-Jul-12	8.073	8.073	8.073	8.073	0.05
23-Jul-12	8.069	8.069	8.069	8.069	-0.12
21-Jul-12	8.079	8.079	8.079	8.079	0
20-Jul-12	8.079	8.079	8.079	8.079	-0.11
19-Jul-12	8.088	8.088	8.088	8.088	0.27
18-Jul-12	8.066	8.066	8.066	8.066	-0.3
17-Jul-12	8.09	8.09	8.09	8.09	0.51
16-Jul-12	8.049	8.049	8.049	8.049	-0.64
14-Jul-12	8.101	8.101	8.101	8.101	0
13-Jul-12	8.101	8.101	8.101	8.101	-0.04
12-Jul-12	8.104	8.104	8.104	8.104	-0.49
11-Jul-12	8.144	8.144	8.144	8.144	-0.11
10-Jul-12	8.153	8.153	8.153	8.153	0.06
9-Jul-12	8.148	8.148	8.148	8.148	-0.11
8-Jul-12	8.157	8.157	8.157	8.157	0
7-Jul-12	8.157	8.157	8.157	8.157	0
6-Jul-12	8.157	8.157	8.157	8.157	-0.24
5-Jul-12	8.177	8.177	8.177	8.177	0.22
4-Jul-12	8.159	8.159	8.159	8.159	-0.23
3-Jul-12	8.178	8.178	8.178	8.178	-2.49
2-Jul-12	8.387	8.387	8.387	8.387	-0.04
1-Jul-12	8.39	8.39	8.39	8.39	0
30-Jun-12	8.39	8.39	8.39	8.39	0
29-Jun-12	8.39	8.39	8.39	8.39	0.27
28-Jun-12	8.367	8.367	8.367	8.367	0.11
27-Jun-12	8.358	8.358	8.358	8.358	0.13
26-Jun-12	8.347	8.347	8.347	8.347	0.18
25-Jun-12	8.332	8.332	8.332	8.332	-0.2
23-Jun-12	8.349	8.349	8.349	8.349	0
22-Jun-12	8.349	8.349	8.349	8.349	0.05
21-Jun-12	8.345	8.345	8.345	8.345	-0.51
20-Jun-12	8.388	8.388	8.388	8.388	-0.06
19-Jun-12	8.393	8.393	8.393	8.393	-0.44
18-Jun-12	8.43	8.43	8.43	8.43	1.1
16-Jun-12	8.338	8.338	8.338	8.338	0
15-Jun-12	8.338	8.338	8.338	8.338	0.06
14-Jun-12	8.333	8.333	8.333	8.333	0.49
13-Jun-12	8.292	8.292	8.292	8.292	-0.06
12-Jun-12	8.297	8.297	8.297	8.297	-0.44
11-Jun-12	8.334	8.334	8.334	8.334	-0.31
9-Jun-12	8.36	8.36	8.36	8.36	0
8-Jun-12	8.36	8.36	8.36	8.36	0.16
7-Jun-12	8.347	8.347	8.347	8.347	-0.29
6-Jun-12	8.371	8.371	8.371	8.371	0.4
5-Jun-12	8.338	8.338	8.338	8.338	-0.07
4-Jun-12	8.344	8.344	8.344	8.344	-0.31
2-Jun-12	8.37	8.37	8.37	8.37	0
1-Jun-12	8.37	8.37	8.37	8.37	-0.08
31-May-12	8.377	8.377	8.377	8.377	-1.72
30-May-12	8.524	8.524	8.524	8.524	0.07
29-May-12	8.518	8.518	8.518	8.518	0.05
28-May-12	8.514	8.514	8.514	8.514	0
26-May-12	8.514	8.514	8.514	8.514	0
25-May-12	8.514	8.514	8.514	8.514	0.18
24-May-12	8.499	8.499	8.499	8.499	-0.18
23-May-12	8.514	8.514	8.514	8.514	-0.12
22-May-12	8.524	8.524	8.524	8.524	-0.25
21-May-12	8.545	8.545	8.545	8.545	0.23
19-May-12	8.525	8.525	8.525	8.525	0
18-May-12	8.525	8.525	8.525	8.525	0.28
17-May-12	8.501	8.501	8.501	8.501	-0.22
16-May-12	8.52	8.52	8.52	8.52	0.2
15-May-12	8.503	8.503	8.503	8.503	-0.25
14-May-12	8.524	8.524	8.524	8.524	-0.53
12-May-12	8.569	8.569	8.569	8.569	0
11-May-12	8.569	8.569	8.569	8.569	0.05
10-May-12	8.565	8.565	8.565	8.565	0
9-May-12	8.565	8.565	8.565	8.565	0.27
8-May-12	8.542	8.542	8.542	8.542	-1.77
7-May-12	8.696	8.696	8.696	8.696	0.52
6-May-12	8.651	8.651	8.651	8.651	0
5-May-12	8.651	8.651	8.651	8.651	0
4-May-12	8.651	8.651	8.651	8.651	0.32
3-May-12	8.623	8.623	8.623	8.623	-0.17
2-May-12	8.638	8.638	8.638	8.638	-0.43
1-May-12	8.675	8.675	8.675	8.675	0
30-Apr-12	8.675	8.675	8.675	8.675	0.27
28-Apr-12	8.652	8.652	8.652	8.652	0
27-Apr-12	8.652	8.652	8.652	8.652	-0.03
26-Apr-12	8.655	8.655	8.655	8.655	0.31
25-Apr-12	8.628	8.628	8.628	8.628	0.63
24-Apr-12	8.574	8.574	8.574	8.574	-0.06
23-Apr-12	8.579	8.579	8.579	8.579	0.36
21-Apr-12	8.548	8.548	8.548	8.548	0
20-Apr-12	8.548	8.548	8.548	8.548	1.6
19-Apr-12	8.413	8.413	8.413	8.413	0.63
18-Apr-12	8.36	8.36	8.36	8.36	0.22
17-Apr-12	8.342	8.342	8.342	8.342	-1.34
16-Apr-12	8.455	8.455	8.455	8.455	-0.19
14-Apr-12	8.471	8.471	8.471	8.471	0
13-Apr-12	8.471	8.471	8.471	8.471	0.38
12-Apr-12	8.439	8.439	8.439	8.439	-1.24
11-Apr-12	8.545	8.545	8.545	8.545	-0.54
10-Apr-12	8.591	8.591	8.591	8.591	-0.41
9-Apr-12	8.626	8.626	8.626	8.626	-0.77
8-Apr-12	8.693	8.693	8.693	8.693	0
5-Apr-12	8.693	8.693	8.693	8.693	0
4-Apr-12	8.693	8.693	8.693	8.693	-0.53
3-Apr-12	8.739	8.739	8.739	8.739	1.76
31-Mar-12	8.588	8.588	8.588	8.588	0
30-Mar-12	8.588	8.588	8.588	8.588	-0.21
29-Mar-12	8.606	8.606	8.606	8.606	-0.19
28-Mar-12	8.622	8.622	8.622	8.622	1.38
27-Mar-12	8.505	8.505	8.505	8.505	0.38
26-Mar-12	8.473	8.473	8.473	8.473	1.06
23-Mar-12	8.384	8.384	8.384	8.384	0
22-Mar-12	8.384	8.384	8.384	8.384	-0.14
21-Mar-12	8.396	8.396	8.396	8.396	-0.2
20-Mar-12	8.413	8.413	8.413	8.413	-0.05
19-Mar-12	8.417	8.417	8.417	8.417	-0.13
17-Mar-12	8.428	8.428	8.428	8.428	0
16-Mar-12	8.428	8.428	8.428	8.428	0.81
15-Mar-12	8.36	8.36	8.36	8.36	0.95
14-Mar-12	8.281	8.281	8.281	8.281	-0.52
13-Mar-12	8.324	8.324	8.324	8.324	0.34
12-Mar-12	8.296	8.296	8.296	8.296	0.13
10-Mar-12	8.285	8.285	8.285	8.285	0
9-Mar-12	8.285	8.285	8.285	8.285	0.52
8-Mar-12	8.242	8.242	8.242	8.242	0
7-Mar-12	8.242	8.242	8.242	8.242	0.06
6-Mar-12	8.237	8.237	8.237	8.237	0.11
5-Mar-12	8.228	8.228	8.228	8.228	0.04
3-Mar-12	8.225	8.225	8.225	8.225	0
2-Mar-12	8.225	8.225	8.225	8.225	-0.19
1-Mar-12	8.241	8.241	8.241	8.241	0.46
29-Feb-12	8.203	8.203	8.203	8.203	-0.15
28-Feb-12	8.215	8.215	8.215	8.215	-0.18
27-Feb-12	8.23	8.23	8.23	8.23	0.04
25-Feb-12	8.227	8.227	8.227	8.227	0
24-Feb-12	8.227	8.227	8.227	8.227	0.34
23-Feb-12	8.199	8.199	8.199	8.199	-0.3
22-Feb-12	8.224	8.224	8.224	8.224	0.6
21-Feb-12	8.175	8.175	8.175	8.175	-0.16
19-Feb-12	8.188	8.188	8.188	8.188	0
18-Feb-12	8.188	8.188	8.188	8.188	0
17-Feb-12	8.188	8.188	8.188	8.188	-0.11
16-Feb-12	8.197	8.197	8.197	8.197	0
15-Feb-12	8.197	8.197	8.197	8.197	0.21
14-Feb-12	8.18	8.18	8.18	8.18	-0.35
13-Feb-12	8.209	8.209	8.209	8.209	0.09
11-Feb-12	8.202	8.202	8.202	8.202	0
10-Feb-12	8.202	8.202	8.202	8.202	-0.85
9-Feb-12	8.272	8.272	8.272	8.272	0.4
8-Feb-12	8.239	8.239	8.239	8.239	0.61
7-Feb-12	8.189	8.189	8.189	8.189	0.07
6-Feb-12	8.183	8.183	8.183	8.183	0.21
3-Feb-12	8.166	8.166	8.166	8.166	0.41
2-Feb-12	8.133	8.133	8.133	8.133	-0.12
1-Feb-12	8.143	8.143	8.143	8.143	-1.52
31-Jan-12	8.269	8.269	8.269	8.269	-0.22
30-Jan-12	8.287	8.287	8.287	8.287	-0.8
27-Jan-12	8.354	8.354	8.354	8.354	0.44
25-Jan-12	8.317	8.317	8.317	8.317	-0.57
24-Jan-12	8.365	8.365	8.365	8.365	2.32
23-Jan-12	8.175	8.175	8.175	8.175	-0.07
20-Jan-12	8.181	8.181	8.181	8.181	0.15
19-Jan-12	8.169	8.169	8.169	8.169	-0.26
18-Jan-12	8.19	8.19	8.19	8.19	-0.39
17-Jan-12	8.222	8.222	8.222	8.222	0
16-Jan-12	8.222	8.222	8.222	8.222	0.33
13-Jan-12	8.195	8.195	8.195	8.195	-0.68
12-Jan-12	8.251	8.251	8.251	8.251	0.18
11-Jan-12	8.236	8.236	8.236	8.236	0.09
10-Jan-12	8.229	8.229	8.229	8.229	0.3
9-Jan-12	8.204	8.204	8.204	8.204	-0.3
6-Jan-12	8.229	8.229	8.229	8.229	-1.19
5-Jan-12	8.328	8.328	8.328	8.328	-0.5
4-Jan-12	8.37	8.37	8.37	8.37	0.08
3-Jan-12	8.363	8.363	8.363	8.363	-0.29
2-Jan-12	8.387	8.387	8.387	8.387	-2.16
30-Dec-11	8.572	8.572	8.572	8.572	0.29
29-Dec-11	8.547	8.547	8.547	8.547	0.74
28-Dec-11	8.484	8.484	8.484	8.484	0.09
27-Dec-11	8.476	8.476	8.476	8.476	-0.16
26-Dec-11	8.49	8.49	8.49	8.49	1.46
23-Dec-11	8.368	8.368	8.368	8.368	0.42
22-Dec-11	8.333	8.333	8.333	8.333	-0.11
21-Dec-11	8.342	8.342	8.342	8.342	0.76
20-Dec-11	8.279	8.279	8.279	8.279	-0.61
19-Dec-11	8.33	8.33	8.33	8.33	-0.6
16-Dec-11	8.38	8.38	8.38	8.38	-1.34
15-Dec-11	8.494	8.494	8.494	8.494	0
14-Dec-11	8.494	8.494	8.494	8.494	0.99
13-Dec-11	8.411	8.411	8.411	8.411	-0.44
12-Dec-11	8.448	8.448	8.448	8.448	-1.02
9-Dec-11	8.535	8.535	8.535	8.535	0.16
8-Dec-11	8.521	8.521	8.521	8.521	-0.88
7-Dec-11	8.597	8.597	8.597	8.597	0.16
5-Dec-11	8.583	8.583	8.583	8.583	-0.74
2-Dec-11	8.647	8.647	8.647	8.647	-0.57
1-Dec-11	8.697	8.697	8.697	8.697	-0.47
30-Nov-11	8.738	8.738	8.738	8.738	-1.02
29-Nov-11	8.828	8.828	8.828	8.828	-0.02
28-Nov-11	8.83	8.83	8.83	8.83	0.16
25-Nov-11	8.816	8.816	8.816	8.816	0.24
24-Nov-11	8.795	8.795	8.795	8.795	-0.2
23-Nov-11	8.813	8.813	8.813	8.813	-0.37
22-Nov-11	8.846	8.846	8.846	8.846	0.02
21-Nov-11	8.844	8.844	8.844	8.844	-0.32
18-Nov-11	8.872	8.872	8.872	8.872	0.27
17-Nov-11	8.848	8.848	8.848	8.848	-1.5
16-Nov-11	8.983	8.983	8.983	8.983	-0.04
15-Nov-11	8.987	8.987	8.987	8.987	-0.7
14-Nov-11	9.05	9.05	9.05	9.05	-0.71
11-Nov-11	9.115	9.115	9.115	9.115	0.55
9-Nov-11	9.065	9.065	9.065	9.065	0.25
8-Nov-11	9.042	9.042	9.042	9.042	0.83
4-Nov-11	8.968	8.968	8.968	8.968	0.75
3-Nov-11	8.901	8.901	8.901	8.901	-0.03
2-Nov-11	8.904	8.904	8.904	8.904	-0.48
1-Nov-11	8.947	8.947	8.947	8.947	0.77
31-Oct-11	8.879	8.879	8.879	8.879	0.31
28-Oct-11	8.852	8.852	8.852	8.852	1.02
25-Oct-11	8.763	8.763	8.763	8.763	-0.61
24-Oct-11	8.817	8.817	8.817	8.817	-0.03
21-Oct-11	8.82	8.82	8.82	8.82	0.34
20-Oct-11	8.79	8.79	8.79	8.79	0.17
19-Oct-11	8.775	8.775	8.775	8.775	0.31
18-Oct-11	8.748	8.748	8.748	8.748	-0.1
17-Oct-11	8.757	8.757	8.757	8.757	-0.31
14-Oct-11	8.784	8.784	8.784	8.784	0.68
13-Oct-11	8.725	8.725	8.725	8.725	-0.15
12-Oct-11	8.738	8.738	8.738	8.738	0.32
11-Oct-11	8.71	8.71	8.71	8.71	-0.47
10-Oct-11	8.751	8.751	8.751	8.751	0.98
7-Oct-11	8.666	8.666	8.666	8.666	1.03
5-Oct-11	8.578	8.578	8.578	8.578	0.39
4-Oct-11	8.545	8.545	8.545	8.545	0.09
3-Oct-11	8.537	8.537	8.537	8.537	1.13
29-Sep-11	8.442	8.442	8.442	8.442	1.14
28-Sep-11	8.347	8.347	8.347	8.347	0.25
27-Sep-11	8.326	8.326	8.326	8.326	0.18
26-Sep-11	8.311	8.311	8.311	8.311	0.11
23-Sep-11	8.302	8.302	8.302	8.302	0.02
22-Sep-11	8.3	8.3	8.3	8.3	-0.34
21-Sep-11	8.328	8.328	8.328	8.328	-0.11
20-Sep-11	8.337	8.337	8.337	8.337	0.1
19-Sep-11	8.329	8.329	8.329	8.329	-0.39
16-Sep-11	8.362	8.362	8.362	8.362	0.4
15-Sep-11	8.329	8.329	8.329	8.329	-0.22
14-Sep-11	8.347	8.347	8.347	8.347	0.26
13-Sep-11	8.325	8.325	8.325	8.325	0.4
12-Sep-11	8.292	8.292	8.292	8.292	-0.26
9-Sep-11	8.314	8.314	8.314	8.314	0.22
8-Sep-11	8.296	8.296	8.296	8.296	-0.17
7-Sep-11	8.31	8.31	8.31	8.31	0.07
6-Sep-11	8.304	8.304	8.304	8.304	0.19
5-Sep-11	8.288	8.288	8.288	8.288	-0.73
2-Sep-11	8.349	8.349	8.349	8.349	0.36
30-Aug-11	8.319	8.319	8.319	8.319	-0.08
29-Aug-11	8.326	8.326	8.326	8.326	0.28
26-Aug-11	8.303	8.303	8.303	8.303	0.7
25-Aug-11	8.245	8.245	8.245	8.245	0.33
24-Aug-11	8.218	8.218	8.218	8.218	-0.57
23-Aug-11	8.265	8.265	8.265	8.265	-0.05
22-Aug-11	8.269	8.269	8.269	8.269	0.15
18-Aug-11	8.257	8.257	8.257	8.257	-0.78
17-Aug-11	8.322	8.322	8.322	8.322	0.39
16-Aug-11	8.29	8.29	8.29	8.29	-0.12
12-Aug-11	8.3	8.3	8.3	8.3	1.11
11-Aug-11	8.209	8.209	8.209	8.209	0.21
10-Aug-11	8.192	8.192	8.192	8.192	-0.43
9-Aug-11	8.227	8.227	8.227	8.227	-0.41
8-Aug-11	8.261	8.261	8.261	8.261	-0.66
5-Aug-11	8.316	8.316	8.316	8.316	-1.04
4-Aug-11	8.403	8.403	8.403	8.403	-0.24
3-Aug-11	8.423	8.423	8.423	8.423	-0.15
2-Aug-11	8.436	8.436	8.436	8.436	-0.3
1-Aug-11	8.461	8.461	8.461	8.461	0.08
29-Jul-11	8.454	8.454	8.454	8.454	-0.13
28-Jul-11	8.465	8.465	8.465	8.465	0.17
27-Jul-11	8.451	8.451	8.451	8.451	0.12
26-Jul-11	8.441	8.441	8.441	8.441	1.77
25-Jul-11	8.294	8.294	8.294	8.294	-0.24
22-Jul-11	8.314	8.314	8.314	8.314	0.48
21-Jul-11	8.274	8.274	8.274	8.274	-0.07
20-Jul-11	8.28	8.28	8.28	8.28	0.25
19-Jul-11	8.259	8.259	8.259	8.259	0.11
18-Jul-11	8.25	8.25	8.25	8.25	-0.34
15-Jul-11	8.278	8.278	8.278	8.278	0.38
14-Jul-11	8.247	8.247	8.247	8.247	-0.7
13-Jul-11	8.305	8.305	8.305	8.305	0.3
12-Jul-11	8.28	8.28	8.28	8.28	-0.49
11-Jul-11	8.321	8.321	8.321	8.321	-0.41
8-Jul-11	8.355	8.355	8.355	8.355	-0.05
7-Jul-11	8.359	8.359	8.359	8.359	0.31
6-Jul-11	8.333	8.333	8.333	8.333	-0.12
5-Jul-11	8.343	8.343	8.343	8.343	-0.17
4-Jul-11	8.357	8.357	8.357	8.357	0.04
1-Jul-11	8.354	8.354	8.354	8.354	0.34
30-Jun-11	8.326	8.326	8.326	8.326	0.08
29-Jun-11	8.319	8.319	8.319	8.319	0.37
28-Jun-11	8.288	8.288	8.288	8.288	0.31
27-Jun-11	8.262	8.262	8.262	8.262	0.18
24-Jun-11	8.247	8.247	8.247	8.247	-0.25
23-Jun-11	8.268	8.268	8.268	8.268	0.21
22-Jun-11	8.251	8.251	8.251	8.251	0.32
21-Jun-11	8.225	8.225	8.225	8.225	0.35
20-Jun-11	8.196	8.196	8.196	8.196	-0.95
17-Jun-11	8.275	8.275	8.275	8.275	-0.3
16-Jun-11	8.3	8.3	8.3	8.3	-1.16
15-Jun-11	8.397	8.397	8.397	8.397	0.74
14-Jun-11	8.335	8.335	8.335	8.335	1.08
13-Jun-11	8.246	8.246	8.246	8.246	0.13
10-Jun-11	8.235	8.235	8.235	8.235	-0.41
9-Jun-11	8.269	8.269	8.269	8.269	0.25
8-Jun-11	8.248	8.248	8.248	8.248	-0.43
7-Jun-11	8.284	8.284	8.284	8.284	0.28
6-Jun-11	8.261	8.261	8.261	8.261	-0.08
3-Jun-11	8.268	8.268	8.268	8.268	-0.13
2-Jun-11	8.279	8.279	8.279	8.279	-0.59
1-Jun-11	8.328	8.328	8.328	8.328	-0.99
31-May-11	8.411	8.411	8.411	8.411	-0.25
30-May-11	8.432	8.432	8.432	8.432	-0.3
27-May-11	8.457	8.457	8.457	8.457	0.71
26-May-11	8.397	8.397	8.397	8.397	0.27
25-May-11	8.374	8.374	8.374	8.374	0
24-May-11	8.374	8.374	8.374	8.374	0.36
23-May-11	8.344	8.344	8.344	8.344	-0.12
20-May-11	8.354	8.354	8.354	8.354	0.4
19-May-11	8.321	8.321	8.321	8.321	0.35
18-May-11	8.292	8.292	8.292	8.292	0.11
16-May-11	8.283	8.283	8.283	8.283	0.08
13-May-11	8.276	8.276	8.276	8.276	0.78
12-May-11	8.212	8.212	8.212	8.212	-0.96
11-May-11	8.292	8.292	8.292	8.292	0.1
10-May-11	8.284	8.284	8.284	8.284	0.27
9-May-11	8.262	8.262	8.262	8.262	0.97
6-May-11	8.183	8.183	8.183	8.183	-1.03
5-May-11	8.268	8.268	8.268	8.268	-0.31
4-May-11	8.294	8.294	8.294	8.294	0.78
3-May-11	8.23	8.23	8.23	8.23	1.12
2-May-11	8.139	8.139	8.139	8.139	0.05
29-Apr-11	8.135	8.135	8.135	8.135	0.3
28-Apr-11	8.111	8.111	8.111	8.111	0.25
27-Apr-11	8.091	8.091	8.091	8.091	0
26-Apr-11	8.091	8.091	8.091	8.091	-0.53
25-Apr-11	8.134	8.134	8.134	8.134	0.3
21-Apr-11	8.11	8.11	8.11	8.11	0.22
20-Apr-11	8.092	8.092	8.092	8.092	0.15
19-Apr-11	8.08	8.08	8.08	8.08	-0.02
18-Apr-11	8.082	8.082	8.082	8.082	0.22
15-Apr-11	8.064	8.064	8.064	8.064	0.5
13-Apr-11	8.024	8.024	8.024	8.024	0.06
11-Apr-11	8.019	8.019	8.019	8.019	0.68
8-Apr-11	7.965	7.965	7.965	7.965	-0.11
7-Apr-11	7.974	7.974	7.974	7.974	-0.2
6-Apr-11	7.99	7.99	7.99	7.99	0.16
5-Apr-11	7.977	7.977	7.977	7.977	-0.1
31-Mar-11	7.985	7.985	7.985	7.985	-0.39
30-Mar-11	8.016	8.016	8.016	8.016	0.17
29-Mar-11	8.002	8.002	8.002	8.002	0.25
28-Mar-11	7.982	7.982	7.982	7.982	-0.13
25-Mar-11	7.992	7.992	7.992	7.992	-0.26
24-Mar-11	8.013	8.013	8.013	8.013	0
23-Mar-11	8.013	8.013	8.013	8.013	-0.04
22-Mar-11	8.016	8.016	8.016	8.016	-0.01
21-Mar-11	8.017	8.017	8.017	8.017	0.15
18-Mar-11	8.005	8.005	8.005	8.005	0.2
17-Mar-11	7.989	7.989	7.989	7.989	0.3
16-Mar-11	7.965	7.965	7.965	7.965	0.03
15-Mar-11	7.963	7.963	7.963	7.963	0.01
14-Mar-11	7.962	7.962	7.962	7.962	-0.04
11-Mar-11	7.965	7.965	7.965	7.965	0.05
10-Mar-11	7.961	7.961	7.961	7.961	0
9-Mar-11	7.961	7.961	7.961	7.961	-0.04
8-Mar-11	7.964	7.964	7.964	7.964	-0.2
7-Mar-11	7.98	7.98	7.98	7.98	0.48
4-Mar-11	7.942	7.942	7.942	7.942	0.08
3-Mar-11	7.936	7.936	7.936	7.936	-0.73
1-Mar-11	7.994	7.994	7.994	7.994	0.03
28-Feb-11	7.992	7.992	7.992	7.992	-1.08
25-Feb-11	8.079	8.079	8.079	8.079	0.05
24-Feb-11	8.075	8.075	8.075	8.075	0.45
23-Feb-11	8.039	8.039	8.039	8.039	-0.3
22-Feb-11	8.063	8.063	8.063	8.063	-0.19
21-Feb-11	8.078	8.078	8.078	8.078	-0.26
18-Feb-11	8.099	8.099	8.099	8.099	0.2
17-Feb-11	8.083	8.083	8.083	8.083	-0.27
15-Feb-11	8.105	8.105	8.105	8.105	0.19
14-Feb-11	8.09	8.09	8.09	8.09	-0.46
11-Feb-11	8.127	8.127	8.127	8.127	-0.05
10-Feb-11	8.131	8.131	8.131	8.131	-0.43
9-Feb-11	8.166	8.166	8.166	8.166	-0.16
8-Feb-11	8.179	8.179	8.179	8.179	-0.34
7-Feb-11	8.207	8.207	8.207	8.207	0.13
4-Feb-11	8.196	8.196	8.196	8.196	0.42
3-Feb-11	8.162	8.162	8.162	8.162	0.15
2-Feb-11	8.15	8.15	8.15	8.15	-0.05
1-Feb-11	8.154	8.154	8.154	8.154	0.07
31-Jan-11	8.148	8.148	8.148	8.148	0.2
28-Jan-11	8.132	8.132	8.132	8.132	-0.2
27-Jan-11	8.148	8.148	8.148	8.148	-0.07
25-Jan-11	8.154	8.154	8.154	8.154	-0.38
24-Jan-11	8.185	8.185	8.185	8.185	0.17
21-Jan-11	8.171	8.171	8.171	8.171	0.5
20-Jan-11	8.13	8.13	8.13	8.13	-0.66
19-Jan-11	8.184	8.184	8.184	8.184	-0.12
18-Jan-11	8.194	8.194	8.194	8.194	-0.49
17-Jan-11	8.234	8.234	8.234	8.234	0.52
14-Jan-11	8.191	8.191	8.191	8.191	0.6
13-Jan-11	8.142	8.142	8.142	8.142	-0.44
12-Jan-11	8.178	8.178	8.178	8.178	-0.37
11-Jan-11	8.208	8.208	8.208	8.208	-0.22
10-Jan-11	8.226	8.226	8.226	8.226	0.33
7-Jan-11	8.199	8.199	8.199	8.199	0.9
6-Jan-11	8.126	8.126	8.126	8.126	0.72
5-Jan-11	8.068	8.068	8.068	8.068	0
4-Jan-11	8.068	8.068	8.068	8.068	1.36
3-Jan-11	7.96	7.96	7.96	7.96	0.59
31-Dec-10	7.913	7.913	7.913	7.913	-0.09
30-Dec-10	7.92	7.92	7.92	7.92	0.34
29-Dec-10	7.893	7.893	7.893	7.893	-0.13
28-Dec-10	7.903	7.903	7.903	7.903	-0.2
27-Dec-10	7.919	7.919	7.919	7.919	0.04
24-Dec-10	7.916	7.916	7.916	7.916	-0.21
23-Dec-10	7.933	7.933	7.933	7.933	-0.3
22-Dec-10	7.957	7.957	7.957	7.957	0.29
21-Dec-10	7.934	7.934	7.934	7.934	-0.41
20-Dec-10	7.967	7.967	7.967	7.967	0.1
16-Dec-10	7.959	7.959	7.959	7.959	-1.47
15-Dec-10	8.078	8.078	8.078	8.078	-0.26
14-Dec-10	8.099	8.099	8.099	8.099	-0.18
13-Dec-10	8.114	8.114	8.114	8.114	0.21
10-Dec-10	8.097	8.097	8.097	8.097	-0.34
9-Dec-10	8.125	8.125	8.125	8.125	0.14
8-Dec-10	8.114	8.114	8.114	8.114	0.21
7-Dec-10	8.097	8.097	8.097	8.097	-1.48
6-Dec-10	8.219	8.219	8.219	8.219	0.5
3-Dec-10	8.178	8.178	8.178	8.178	1.13
2-Dec-10	8.087	8.087	8.087	8.087	-0.33
1-Dec-10	8.114	8.114	8.114	8.114	0.6
30-Nov-10	8.066	8.066	8.066	8.066	0.62
29-Nov-10	8.016	8.016	8.016	8.016	0.6
26-Nov-10	7.968	7.968	7.968	7.968	-0.64
25-Nov-10	8.019	8.019	8.019	8.019	-0.17
24-Nov-10	8.033	8.033	8.033	8.033	0.46
23-Nov-10	7.996	7.996	7.996	7.996	-0.31
22-Nov-10	8.021	8.021	8.021	8.021	-0.11
19-Nov-10	8.03	8.03	8.03	8.03	0.06
18-Nov-10	8.025	8.025	8.025	8.025	-0.55
16-Nov-10	8.069	8.069	8.069	8.069	0.04
15-Nov-10	8.066	8.066	8.066	8.066	-0.28
12-Nov-10	8.089	8.089	8.089	8.089	-0.01
11-Nov-10	8.09	8.09	8.09	8.09	0.15
10-Nov-10	8.078	8.078	8.078	8.078	0.57
9-Nov-10	8.032	8.032	8.032	8.032	0.25
8-Nov-10	8.012	8.012	8.012	8.012	0.34
4-Nov-10	7.985	7.985	7.985	7.985	0.38
3-Nov-10	7.955	7.955	7.955	7.955	-0.23
2-Nov-10	7.973	7.973	7.973	7.973	-1.69
1-Nov-10	8.11	8.11	8.11	8.11	-0.14
29-Oct-10	8.121	8.121	8.121	8.121	-0.17
28-Oct-10	8.135	8.135	8.135	8.135	0.06
27-Oct-10	8.13	8.13	8.13	8.13	-0.57
26-Oct-10	8.177	8.177	8.177	8.177	0.37
25-Oct-10	8.147	8.147	8.147	8.147	0
22-Oct-10	8.147	8.147	8.147	8.147	0.09
21-Oct-10	8.14	8.14	8.14	8.14	-0.21
20-Oct-10	8.157	8.157	8.157	8.157	0.88
19-Oct-10	8.086	8.086	8.086	8.086	-0.11
18-Oct-10	8.095	8.095	8.095	8.095	0.31
15-Oct-10	8.07	8.07	8.07	8.07	0.56
14-Oct-10	8.025	8.025	8.025	8.025	0.04
13-Oct-10	8.022	8.022	8.022	8.022	0.01
12-Oct-10	8.021	8.021	8.021	8.021	0.26
11-Oct-10	8	8	8	8	0.11
8-Oct-10	7.991	7.991	7.991	7.991	0.55
7-Oct-10	7.947	7.947	7.947	7.947	0.21
6-Oct-10	7.93	7.93	7.93	7.93	-0.33
5-Oct-10	7.956	7.956	7.956	7.956	0.25
4-Oct-10	7.936	7.936	7.936	7.936	0.3
1-Oct-10	7.912	7.912	7.912	7.912	0.76
29-Sep-10	7.852	7.852	7.852	7.852	0.04
28-Sep-10	7.849	7.849	7.849	7.849	-0.19
27-Sep-10	7.864	7.864	7.864	7.864	-0.04
24-Sep-10	7.867	7.867	7.867	7.867	-0.73
23-Sep-10	7.925	7.925	7.925	7.925	-0.35
22-Sep-10	7.953	7.953	7.953	7.953	-0.19
21-Sep-10	7.968	7.968	7.968	7.968	-0.16
20-Sep-10	7.981	7.981	7.981	7.981	-0.05
17-Sep-10	7.985	7.985	7.985	7.985	0.15
16-Sep-10	7.973	7.973	7.973	7.973	0.31
15-Sep-10	7.948	7.948	7.948	7.948	0.05
14-Sep-10	7.944	7.944	7.944	7.944	-0.41
13-Sep-10	7.977	7.977	7.977	7.977	0.81
9-Sep-10	7.913	7.913	7.913	7.913	-0.29
8-Sep-10	7.936	7.936	7.936	7.936	-0.16
7-Sep-10	7.949	7.949	7.949	7.949	-0.51
6-Sep-10	7.99	7.99	7.99	7.99	0.25
3-Sep-10	7.97	7.97	7.97	7.97	-0.14
2-Sep-10	7.981	7.981	7.981	7.981	0.25
1-Sep-10	7.961	7.961	7.961	7.961	0.32
31-Aug-10	7.936	7.936	7.936	7.936	-0.71
30-Aug-10	7.993	7.993	7.993	7.993	0.21
27-Aug-10	7.976	7.976	7.976	7.976	-0.68
26-Aug-10	8.031	8.031	8.031	8.031	-0.45
25-Aug-10	8.067	8.067	8.067	8.067	0.69
24-Aug-10	8.012	8.012	8.012	8.012	-0.04
23-Aug-10	8.015	8.015	8.015	8.015	0.48
20-Aug-10	7.977	7.977	7.977	7.977	0.33
18-Aug-10	7.951	7.951	7.951	7.951	0.95
17-Aug-10	7.876	7.876	7.876	7.876	0.66
16-Aug-10	7.824	7.824	7.824	7.824	-0.04
13-Aug-10	7.827	7.827	7.827	7.827	-0.08
12-Aug-10	7.833	7.833	7.833	7.833	0.12
11-Aug-10	7.824	7.824	7.824	7.824	-0.2
10-Aug-10	7.84	7.84	7.84	7.84	0.29
9-Aug-10	7.817	7.817	7.817	7.817	-0.2
6-Aug-10	7.833	7.833	7.833	7.833	-0.84
5-Aug-10	7.899	7.899	7.899	7.899	0.79
4-Aug-10	7.837	7.837	7.837	7.837	0.18
3-Aug-10	7.823	7.823	7.823	7.823	-0.52
2-Aug-10	7.864	7.864	7.864	7.864	0.78
30-Jul-10	7.803	7.803	7.803	7.803	0.21
29-Jul-10	7.787	7.787	7.787	7.787	0.44
28-Jul-10	7.753	7.753	7.753	7.753	0.52
27-Jul-10	7.713	7.713	7.713	7.713	0.42
26-Jul-10	7.681	7.681	7.681	7.681	0
23-Jul-10	7.681	7.681	7.681	7.681	0.04
22-Jul-10	7.678	7.678	7.678	7.678	-0.05
21-Jul-10	7.682	7.682	7.682	7.682	0.42
20-Jul-10	7.65	7.65	7.65	7.65	0.39
19-Jul-10	7.62	7.62	7.62	7.62	-0.22
16-Jul-10	7.637	7.637	7.637	7.637	0.01
15-Jul-10	7.636	7.636	7.636	7.636	0.13
14-Jul-10	7.626	7.626	7.626	7.626	0.04
13-Jul-10	7.623	7.623	7.623	7.623	0.12
12-Jul-10	7.614	7.614	7.614	7.614	-0.52
9-Jul-10	7.654	7.654	7.654	7.654	0.7
8-Jul-10	7.601	7.601	7.601	7.601	0.18
7-Jul-10	7.587	7.587	7.587	7.587	-0.38
6-Jul-10	7.616	7.616	7.616	7.616	0.04
5-Jul-10	7.613	7.613	7.613	7.613	0.82
2-Jul-10	7.551	7.551	7.551	7.551	0.31
1-Jul-10	7.528	7.528	7.528	7.528	-0.44
30-Jun-10	7.561	7.561	7.561	7.561	-0.12
29-Jun-10	7.57	7.57	7.57	7.57	-0.37
28-Jun-10	7.598	7.598	7.598	7.598	-0.8
25-Jun-10	7.659	7.659	7.659	7.659	1.03
24-Jun-10	7.581	7.581	7.581	7.581	-0.05
23-Jun-10	7.585	7.585	7.585	7.585	0.17
22-Jun-10	7.572	7.572	7.572	7.572	0.05
21-Jun-10	7.568	7.568	7.568	7.568	-0.05
18-Jun-10	7.572	7.572	7.572	7.572	-0.63
17-Jun-10	7.62	7.62	7.62	7.62	0.36
16-Jun-10	7.593	7.593	7.593	7.593	-0.86
15-Jun-10	7.659	7.659	7.659	7.659	-0.35
14-Jun-10	7.686	7.686	7.686	7.686	0.63
11-Jun-10	7.638	7.638	7.638	7.638	1.43
10-Jun-10	7.53	7.53	7.53	7.53	0.6
9-Jun-10	7.485	7.485	7.485	7.485	0.29
8-Jun-10	7.463	7.463	7.463	7.463	-0.36
7-Jun-10	7.49	7.49	7.49	7.49	-0.62
4-Jun-10	7.537	7.537	7.537	7.537	-0.3
3-Jun-10	7.56	7.56	7.56	7.56	0.76
2-Jun-10	7.503	7.503	7.503	7.503	-0.81
1-Jun-10	7.564	7.564	7.564	7.564	0
31-May-10	7.564	7.564	7.564	7.564	0.33
28-May-10	7.539	7.539	7.539	7.539	0.2
26-May-10	7.524	7.524	7.524	7.524	1.91
25-May-10	7.383	7.383	7.383	7.383	-0.16
24-May-10	7.395	7.395	7.395	7.395	0.18
21-May-10	7.382	7.382	7.382	7.382	-0.46
20-May-10	7.416	7.416	7.416	7.416	-0.3
19-May-10	7.438	7.438	7.438	7.438	-0.83
18-May-10	7.5	7.5	7.5	7.5	0.46
17-May-10	7.466	7.466	7.466	7.466	-0.48
14-May-10	7.502	7.502	7.502	7.502	0.04
13-May-10	7.499	7.499	7.499	7.499	-5.44
12-May-10	7.93	7.93	7.93	7.93	-0.56
11-May-10	7.975	7.975	7.975	7.975	-0.6
10-May-10	8.023	8.023	8.023	8.023	0.72
7-May-10	7.966	7.966	7.966	7.966	-0.15
6-May-10	7.978	7.978	7.978	7.978	0.06
5-May-10	7.973	7.973	7.973	7.973	0.06
4-May-10	7.968	7.968	7.968	7.968	-0.96
3-May-10	8.045	8.045	8.045	8.045	-0.2
30-Apr-10	8.061	8.061	8.061	8.061	-0.38
29-Apr-10	8.092	8.092	8.092	8.092	-0.2
28-Apr-10	8.108	8.108	8.108	8.108	0
27-Apr-10	8.108	8.108	8.108	8.108	0.47
26-Apr-10	8.07	8.07	8.07	8.07	0.15
23-Apr-10	8.058	8.058	8.058	8.058	0.83
22-Apr-10	7.992	7.992	7.992	7.992	-0.2
21-Apr-10	8.008	8.008	8.008	8.008	0.3
20-Apr-10	7.984	7.984	7.984	7.984	-1.15
19-Apr-10	8.077	8.077	8.077	8.077	-0.14
16-Apr-10	8.088	8.088	8.088	8.088	0.11
15-Apr-10	8.079	8.079	8.079	8.079	0.27
13-Apr-10	8.057	8.057	8.057	8.057	0.35
12-Apr-10	8.029	8.029	8.029	8.029	0.2
9-Apr-10	8.013	8.013	8.013	8.013	1.91
8-Apr-10	7.863	7.863	7.863	7.863	0.86
7-Apr-10	7.796	7.796	7.796	7.796	0.01
6-Apr-10	7.795	7.795	7.795	7.795	-0.2
5-Apr-10	7.811	7.811	7.811	7.811	-0.5
31-Mar-10	7.85	7.85	7.85	7.85	1.04
30-Mar-10	7.769	7.769	7.769	7.769	0.09
29-Mar-10	7.762	7.762	7.762	7.762	-1.2
26-Mar-10	7.856	7.856	7.856	7.856	-0.24
25-Mar-10	7.875	7.875	7.875	7.875	0.15
23-Mar-10	7.863	7.863	7.863	7.863	0.1
22-Mar-10	7.855	7.855	7.855	7.855	0.31
19-Mar-10	7.831	7.831	7.831	7.831	-1.02
18-Mar-10	7.912	7.912	7.912	7.912	-0.67
17-Mar-10	7.965	7.965	7.965	7.965	-0.5
15-Mar-10	8.005	8.005	8.005	8.005	-0.12
12-Mar-10	8.015	8.015	8.015	8.015	0.19
11-Mar-10	8	8	8	8	0.28
10-Mar-10	7.978	7.978	7.978	7.978	0.1
9-Mar-10	7.97	7.97	7.97	7.97	-0.5
8-Mar-10	8.01	8.01	8.01	8.01	0.46
5-Mar-10	7.973	7.973	7.973	7.973	0.35
4-Mar-10	7.945	7.945	7.945	7.945	-0.09
3-Mar-10	7.952	7.952	7.952	7.952	0.1
2-Mar-10	7.944	7.944	7.944	7.944	1.02
26-Feb-10	7.864	7.864	7.864	7.864	0.52
25-Feb-10	7.823	7.823	7.823	7.823	0.31
24-Feb-10	7.799	7.799	7.799	7.799	0
23-Feb-10	7.799	7.799	7.799	7.799	-0.6
22-Feb-10	7.846	7.846	7.846	7.846	-0.49
19-Feb-10	7.885	7.885	7.885	7.885	0.2
18-Feb-10	7.869	7.869	7.869	7.869	-0.29
17-Feb-10	7.892	7.892	7.892	7.892	0.31
16-Feb-10	7.868	7.868	7.868	7.868	-0.29
15-Feb-10	7.891	7.891	7.891	7.891	0.41
11-Feb-10	7.859	7.859	7.859	7.859	0.91
10-Feb-10	7.788	7.788	7.788	7.788	1.13
9-Feb-10	7.701	7.701	7.701	7.701	0.3
8-Feb-10	7.678	7.678	7.678	7.678	0
5-Feb-10	7.678	7.678	7.678	7.678	-0.19
4-Feb-10	7.693	7.693	7.693	7.693	0.31
3-Feb-10	7.669	7.669	7.669	7.669	-0.09
2-Feb-10	7.676	7.676	7.676	7.676	0.5
1-Feb-10	7.638	7.638	7.638	7.638	0.62
29-Jan-10	7.591	7.591	7.591	7.591	0.56
28-Jan-10	7.549	7.549	7.549	7.549	0.07
27-Jan-10	7.544	7.544	7.544	7.544	-0.51
25-Jan-10	7.583	7.583	7.583	7.583	0.21
22-Jan-10	7.567	7.567	7.567	7.567	0.01
21-Jan-10	7.566	7.566	7.566	7.566	-0.81
20-Jan-10	7.628	7.628	7.628	7.628	-0.09
19-Jan-10	7.635	7.635	7.635	7.635	0.29
18-Jan-10	7.613	7.613	7.613	7.613	-1.59
15-Jan-10	7.736	7.736	7.736	7.736	0.47
14-Jan-10	7.7	7.7	7.7	7.7	-0.86
13-Jan-10	7.767	7.767	7.767	7.767	-0.4
12-Jan-10	7.798	7.798	7.798	7.798	0.61
11-Jan-10	7.751	7.751	7.751	7.751	-0.28
8-Jan-10	7.773	7.773	7.773	7.773	-0.06
7-Jan-10	7.778	7.778	7.778	7.778	0.57
6-Jan-10	7.734	7.734	7.734	7.734	0.43
5-Jan-10	7.701	7.701	7.701	7.701	0.33
4-Jan-10	7.676	7.676	7.676	7.676	-0.25
1-Jan-10	7.695	7.695	7.695	7.695	0.21
					
	Highest:9.236	Lowest:6.183	Difference:3.053	Average:7.866	Change %:-1.927
